,submission_name
133147,buddyloser
3249,lif77
68114,sldjaldhlans
108662,StarLothario
101749,Caterworm
14285,waverose2240
78447,fallingkites88
80525,Mellloyellow
81180,Jupiterroseparis
21040,hubiboobie
115826,actionableideation
21320,Chase1217_
39590,th0rin0akenshield
115463,throwwwwwwwitout
13404,AppropriateDingo
37034,jj892
89373,enayu1a
19022,limemoon_
95048,anthonybynum11
25056,justrambling2020
79922,samsstillsad
10764,HolyShmoly0
89387,ThisKidErrt
6858,successfully_failing
73938,blackbird2raven
69430,throwaway3559625
67885,throwawayaccounthgty
83082,radicalchemical
127703,canttakethis10471
62870,perpetualmisery32
39245,Zorbi_
54670,Fading_star
3927,Jordanles
87480,SpiritofD4rkness
88473,crookdeyes
39815,softjelly
73109,braedizzle
131707,thatboiii2468
69779,anonymous72784
28282,SirSmile
1049,Ichoro
82027,crazy-wheezer
8513,ujhsnhdba
15040,Ineedhelp11a
107289,ebba-20
80713,I_want_sause_plz
134563,Legacyjr2
112167,whyamisosadthrowaway
93233,SwiggitySwootyBootyB
56189,hyliena
28604,The-Nights-King
17654,nothingbuthrowaway
54975,I_rant_here
80091,GeneralReposti_Bot
11973,Matt2473k
15530,Thakooshmahn
20434,barvoues
90281,RiggyNo
64035,DrewMcKenzie2000
112412,swordmaster39
31682,LurzaTheHentaiLord
21900,scrumpusrumpus
139111,petrarchanidiot
97712,PewdsForPrez
74088,Xontroller
106518,glassintheprk
27302,jlyons617
34986,poopface767
88785,firestar1121
111407,Invisable1980
42836,jdavis1911
122846,SwanQueenSVU
120496,we_are_ded
25767,CinderellaNot
9193,qwdrtesa
27694,Coolheaded_Convector
23905,ta_bi_se_xual
115660,fujoshi_yoshi
52610,hundredhorse
31928,TherealPedroSanchez
58731,Dipitydoodahdipityay
55185,urldeath
111085,jnestor1997
45698,SilverAce23
2851,Throwawaywhiteguy82
90296,throwaway_54352
69974,poopface767
137476,OhhhDonny
83628,xAcedia91
102095,kawaiieyee
33593,peepypinajj
79383,brodyfoster
123324,mouse_nap
54064,MajMin5
79114,Phantom_S
96567,fjjdbss12345
107855,DarkPhoenix5634
13677,itriedandgotnowhere
106199,ruthimon
107127,AnxiousSoma
79566,Mauwseratti
13720,sillybilly21
49739,SweetSouthernHeat
87917,JMovilla
5408,Throwaway982358
76481,junk777
10041,Blugirlhelpmepls
132841,NitWitsMatterToo
123676,suitisme
98459,die4creamyjalapeno
45000,srryifckedup
41274,MinimarRE
97080,skloser
10650,slycapacity
125481,sae59
19229,Lonelyforevrr
128525,cryptidkitten
64635,MountainBath
101463,Dirty_Rotten_Bastard
132991,Throwawayacc1982
34692,Mayeeah
105495,NerdGuyLol
101087,throwaway01837472
39195,khokhobla3
4372,icedmochahoney
128911,Viperrko78
132555,awesomelyidiot
24611,stememcphie
51095,Helix275
124607,ImWorthMore
132931,KayXpect
115000,niwabean
5945,Mental_Survivor
108756,baljeet101
6354,ariavash
100415,Upsideupper
6305,Throwaway1253050
85054,poopface767
132132,weixbb
45181,rikkomanny
53237,_Ross__
132683,drugothememedealer
36357,de2p0sa1
94992,1cantfallasleep
79567,shyandintroverted
107214,schmiddc
109785,SerJonStark
83234,zyxw43210
87398,Partyhatonmycat
48386,CocoGrasshopper
114116,ThrowToGarbageSIR
115024,shihan1714
134349,myfavouritePSs
56645,Unchainedboar
114107,vyib
43462,srryifckedup
68948,throwsomewaves
57260,cherry_blossom_ia
50637,DrRanger34
71822,1BitElectricTheWolf
88246,roseanya
14981,thisguyjas
108884,[deleted]
80310,ThanosisKing
131304,OnionGriefsbrother
73002,Confirma
18594,Liquid4TheCentipedes
29677,big_Wang_theory__
70006,IdRatherBeHidden
60327,AngelofArt
32663,GatherYourParty24
90793,isuckatbdsm
12815,AutoCanuck
118144,Coleino
28822,TodayImALittleThor
34229,InfiniteScarecrow
8775,Esotanu
82780,Mmjj21919
1919,Vampiric_Goth_
105677,Simms12
14502,DontWantItAnymore909
2880,TheOldestRedditor
43644,throwaway_for_gud
58818,DeliciousDNA
61318,__plasma
69855,iwillneverbeloved1
64280,BabyMoo8
92394,RandomAccount49372
53582,RedStellaSafford
33558,Rayian-The-Trap-Lord
92762,Longjumping-Try
82517,Marnomaleux
36595,throwaway_6273
29965,cho0se_a_us3rname
36693,OddestOdyssey
117414,DuckRubberDuck
43679,phaggotsegway
69765,jamie-maj
96665,mita1i
19101,marvolo_blue
22883,krabbycakes
85242,how-to-lose-at-life
126548,4evverr2nd
73480,tonyjames10
103403,Erixtax
96996,baljeet101
34141,yungsausage
38992,SeaRayBoi
21251,Anon1947473993
69859,quietcranberry
57658,luckyyy219
51271,marie13311
115561,VieilleFille69
128224,PupCorn_
2060,depressedgrapefruit
51691,OffBrandDrinks
133525,TM141
36518,gowashyourmilk
92080,BlakeBlues
87504,HistoricalPlum
17324,hanukel
27587,Ag_Pb_Au
72179,lonelysadboii
26784,altf16984
44655,divingenthusiast
106214,areyouferal
100663,jpAtmosphere
111432,BluePinkAndPurple
124862,Theystolemyname2
11994,CorrectHandle
85103,doitwhileucan
15935,iwanttodie314159
35650,lifeadvicerequests
12707,proprocrasinator
52380,suicidethrowaway5628
24278,LovelyPlanets
71664,joennizgo
120456,indescribablepain
113661,nxhshchskbxn
81360,evechel
126195,Plumule
56979,NotNickk_
414,canikms
79385,Ishouldbedeactivated
34913,KirumiIsFedUp
16603,idkwhattoevendoatm
367,YourGothPrincess
108599,yunggfletch
97342,PeaceisallIwishfor_
82024,allmyfault2019
70601,alfiegrows
41449,BeautifulTwist
122624,theacshow
63886,NTL2019
77665,inferior-to-all
119787,zerocoolultra98-
78673,wiuahwbdbk
32201,TheNumber_42
52688,-zanie
110732,sci77a1717e
91108,WorriedOrchid
108,DyingDylan
57513,TaylorTriston
76719,FabricioPezoa
26511,aguy19996
43566,LargeNobody
69971,poopface767
65369,DarSadness
100143,SleepyCauliflower
45982,only12more
31958,ihatehijabyouwearit
74583,xXobelisk97Xx
34778,hytylor
114600,Throwawayaccount6385
31825,hoodieowl
22103,jirenlagen
130867,fishdudeman69
50081,LShalan
69258,use-reuse-recycle
18314,ghostiic
3378,TossinThisOut1
101398,Colonel_Sherbet
55553,DegenerateTranny
27233,peachcreams
15729,nonstopdiarrhea
111538,rather-beasquid
59771,CryBabyJr
119401,numbjuice
44801,10yearstothrowaway
21442,Wanttodie111
14997,mae00909
89921,tucinner07
22871,ohhoneyno_
119440,chaitealatteee
76029,sundriedteeth
75487,perri_pez
61,nightreaper__
129233,Ulem22
3763,Soontobereturned
122909,elaustero
78268,artheart555
31170,gatetosarahlex
114319,x--568
27768,IfIBreak
18128,bigheart98
42484,theonlymeme
112289,nikki_secret_raven
4498,a0e0l
22114,ScaledGrocery
19946,Crabspin
100004,withextraghost
106759,mainclanker
47433,nyrtah
54102,Dannycf25
97149,amberania
84829,Tessa-Storm
59868,DMon_Ren
9507,ljthescribe31
34714,Tniopehtstahw
74052,DeniseReades
63653,SwagGurlBois
2482,Ajgesmanst
44208,t1nkle
66493,margaux_33
53293,shkedwn1979
54057,dankmemezrus
20209,renegadeslaughter
87279,Phantasist27tb
97460,broken_scars
118646,DaftNarwhal
37279,Ryryguy1
74743,throwaway1930109
45473,hddineejbe
79510,urdumdotcum
24883,hitori_arukishiteru
98136,20PY
131444,disasterwizard
59213,gashtart
81443,Casual_paper
129591,Bad_Operator
131549,skkskaksnsd
19716,DeadPrank5
116534,Pulsefree
48933,tempPMHQs
27434,anxiousburner
92789,buckfrmrisofplantfap
101072,AnonymouslySuicidal0
13805,doesntmatter1881
96629,Partlys4int
89092,Captn_0bv1ous
18210,InfiniteRespect
18103,throwawayfeelsobad
29530,ded_wood
82061,amithyst_
89877,Feubrtycbgr
103614,throw_away121619
207,thruyouawaytoday
99848,ShootMeLoserYouWont
135231,moonturnsthetides
55211,MrWortex
96194,GedichteundKunst
79015,ProtoOedipus
88137,Who_Is_JohnGalt_2
16999,shiprajarp
52021,Previous_Flamingo
43636,Pepsi-Cokee
132212,itstrashcantime
134441,bigeve
16277,boredandsinatra
80853,MelodicContribution3
24061,gayracuse
87534,honesty-lowkeye
139066,TheGrumpyBear04
105188,Thanosreincarnated
69371,noodleboxes
1377,throwmcthrowerson
94748,jennifromtheblock-
40568,sephy_s
117775,aughchess
80926,Prikker
86786,jvjfufty
86486,ElectroTano
31646,SneakyRL
89690,anondescriptUn
2535,AngelicaAnemone
49330,osjdbsnjd
103559,fluffydinofriend
123266,Matthew-14
6958,vincethesweatshirt
31492,originalsand
129698,ToonlinkFTW890
24644,YesmanSucksAtLife
24349,Malefict
6756,elliot-saderson
120195,anon8152
111334,morecorn2019
61487,lazynbroke
8260,TheKanon
41723,Nathanaud
138069,Tyronbigthic
80268,Titan_561
10712,ImportantContext
36015,depressedpizzarolls
107810,awaythrow10093
128855,leblehblehbleh
129557,veggiecuntt
125853,runner26point2
114259,jin-kazama-II
126639,-Eliza-beth-
62280,limitless7200
93786,Generic_-Username
131923,StarryNight____
48993,ashittythrowawayact
95740,chairman707
49002,throwaway7737393
114032,Shooooobop
114365,Frocharocha
1443,torithewhorie
106884,copaceticanesthetic
80886,exh_ust_d
82283,casebe
5250,What_I_do_45
72591,ihavezeropersonality
16734,lexisdanite
95525,reynoldssam99
103102,_JABALLAH_
17973,waitforme_
84159,WasNotMeantToLive
37825,howdoideal123
65487,wryd0
42820,mcflaggarty
125974,headthumbdude
75336,Ishouldbedeactivated
84242,SheepJ99101
76889,FindingNirvana3
29249,Dark-_-Legacy
60324,FearlessLion11
29983,nopoint2anything27
74666,sh-fuckyouimallowed
64019,Donttalktomeormyson-
67486,throwaway28281g
129772,Roktis
92422,Bernilols
72504,uglypieceofshit12
122254,alrighttok
21019,SomeWolfsAltAccount
57836,devils_advocate1929
97374,_-_-987
137634,justinkl75
122987,iamGoodiego
121477,OhCrounches
74949,methylphenidate1
56383,saD_b0i
131773,DerpxDerpxDerp
91214,QGraphics
84914,D4T45T0RM06
21270,jeb0913
103703,Langurotte
116222,hbveisky
71353,the-next-whiskey-bar
66227,ca_tastrophe
107238,SmokeFurball974
66508,HawkingOptics
8282,Ncs7
126288,aGayIntrovert
13602,sadboythrowaway29847
38321,ZabrakZen
101924,still_al1ve
74838,throwawayheyheyhey24
109330,gurokoe
131246,memoryserum
65792,Laceynurse
64166,Epicurean0000
47802,Lostsoul2030
42050,neomanui
122235,dyl-an0
73344,goodnamed
120480,SuicidalAlmanac
113548,impeccablemix
125663,alone-sloxth
120256,drgiovanni3
57368,honestlyigotnoclue
69102,IrishGoodbyes
4886,mayallurbaconburn
12520,Nudder-Budder
25148,Jackalope144
38037,obvythroway
77558,bopperbum
2023,idontevenknowthrow
95751,nomatterforever
102770,Little_Kurshten
63022,prettybadlife
8117,Rover57
137429,jogiepogie
73762,imgonnadieyoung-
67813,heldriver75
5579,ienjoyicedcoffees
82261,anotherthrowawayooop
39781,ExtremeWallaby1
131240,kramer000
37392,go223
43020,ndp420
52183,Th3Catmoth3r
65991,Digger_Desmond
128517,heartofglass666
22519,lavenderliv
19175,IlezAji
128048,loserfatass
113596,httpher
122157,Hippiegirl699
93077,GibGlob
86156,jason13-x
135518,pinkmoon03
116441,AnimatedAaron
41727,BardInABox
83656,fast-slow-disco
131094,1lbOfViettiBeefStew
6079,PossibleEffort5
70589,jrt364
103090,Account4359
28149,Loly686
41229,illyyill
41591,ghostiic
113673,NipraxPSG
6334,Kei__
13358,Effable_
100718,KodaLG
96057,Turbuberlu09
127372,largebighugeboi
33728,depression-who
90675,HyperChibiAbsol
7299,Tommy94y
86769,Slicethedice2
7237,LambofgodQueen
7095,allbanana
68734,F3Y_X
51932,pajamahd
128832,tv___vj
98105,Stooooped
10209,SadImpact2
22780,justrambling2020
102415,Cpt_Qu
61855,CasperHatesYou
49123,itsmemell
11666,ImSadSience1994
58416,SMEGMAISYUMYUM
101111,jaggedjottings
39866,prettypinkprincess26
53665,dontmatter22
16521,MelancholyMoogle
22074,plutostar75
56851,throwaway19912019123
79482,permanentthrowaway89
123584,crackhead_phenotype
111372,emergencyaccount777
132749,torkador11
72651,notcrackerjack
59816,DrumAwayFam
119674,CrabsAreNeat
28415,Strange_An0maly
66410,parksoouyung
29105,cryptidkitten
44477,LatterEngineer
37734,alexbaro01
4785,thisguy4675
88371,lavkrak
95612,LifeisCrumbling
13348,f4riez
39104,upbeatTable
35967,LovingIs
60410,FrankTheFrosty
108114,misgivingselevated
83066,coolmurr
130089,Matthew-14
84895,cubeblock37
86440,rowsway
847,mrfluffydick
130819,17yrcub
9257,lindinator
96729,GWIZER1
1683,boopity776
33763,Emotonal_Connections
68117,goldendrown
95897,iwannahateitallaway
58752,Creepmaster5000
29841,YourKarmax
134749,chaoticwords
66649,imalive2019
101127,hopeless71
96986,GavinGG
37657,empty_blue
99542,atomic_sunshine
16920,throwaway68912o
93183,HERECOMEDATB01
8225,msihcrana
122646,Asasuma
120331,nushipu
78463,banerythesock
66427,maplenew60
124205,burkinbae
6834,amedynsta
121726,shitlife292
89155,thelastbruh23
67445,TheNomadicMachine
16531,honeycomb712
22875,Stupid_cray0n
24552,faithcircus14
72731,Shiroranga
71040,JollyAstronomer
43800,therealgodryon
126730,ItsYaBoiNobody
99955,Di1202
11895,ravioliwizard
15844,Blueoctokat
88301,cecilnezuto
10518,herrkatze5
137551,Extreme4242
113734,THAway991
6390,nothingelseisleft
15071,intoxicatedbarbie
109711,whothef-ckisyou
19739,zodadoza
61228,rdiersing36
9733,707_Person
45056,berfica
65916,usuallastwords
33428,freedominlife789
55634,crinkcawa
127473,methylphenidate1
120501,CardinalSam47
77705,throwawaydeath14567
103986,Joseph1917
34443,johnsonbigbob
79736,audree_3
108637,LonelyCinnamonRoll
94934,Qwerter_Mash
133887,miochieee
58214,Thatlamegirl
97931,mooncat131
111401,kayoreddit
104030,unspokenecho
51036,themonsteroffashion
116667,frothermucker
103820,throwawaypain2019
107987,Scary_Pasta
90249,teenytinybaklava
131887,LastCherry6
70984,gentleterror13
58633,diegogarciac
64346,Donovan_Du_Bois
136750,throw_away82733
18163,DarnisDarby
77721,lukasscherzinger88
8789,bullet981
17410,Firewave480
37827,Nightjoke
40336,AlternativeNeat
98465,PreviousBrush
24432,Chrollo188
135381,anonymous313248318
120694,cooperhnew
118354,usernameusername001
27321,l0rdlumpy
124521,tiihii
101102,dragonstomper1980
124618,IlayShenbrun
135506,cringehead
96265,throwaway3243444
104554,Finelinehs
54591,throwawaynsecure
109676,shadownet97
68525,Smolvoices
135267,jack_skeletasdfkj
73188,LifeisCrumbling
134748,Siberianhusky11
30231,Sibleyeb
30004,SpoolBoi127
48369,solanien
138443,paimapi
85007,pocoboi
95606,AliceInDepression
8912,jackeduprabbit
9307,SnizzleFrazzy
67502,QueenEThot
104514,charEqualsIsaac
126152,BadGRLMadGRLSadGRL
102469,taaeestyy
74277,Instinq
81119,ThrowawayBackup19
65270,anon-bullshit
36269,blarkey
71417,selfharm_reality
58446,h0w_t0_nam3_myself
72710,SandyChoia
5522,blancscreens
37040,invicti3
22502,a_rare_turtle
55037,dayiparis
61788,Outlander_Seyda
20813,razerflash
46723,exiti
9868,AnotherTrowaway12
117808,dolorousfuckingedd
136925,Jackbright682
109555,DelectablePuns
73146,Throwaway70162
43336,thevenusproject1
34078,sadness-sarius
54763,Spie43
42343,dominx98
3834,LocalPhoenix
125271,Marko_Podarko
111348,cobfort
35355,p2353
131623,witch_image
34998,AscendedToHell
11444,MyLazySundae
135960,yoofusdoofus
59188,J-fun
59841,omar2511
94059,btbt4
132140,CoffeeCakeKat
12894,sadpepe1324
101908,endoymenoy
58533,ITSFUCKINGCABLE
14850,placidreams
83693,methylphenidate1
128503,feelinggood16
135475,drl736
960,WelcomeToSilence
107854,veggietells
135073,Matthew-14sfriend
33191,quitshesays
104900,RandomAccount49372
130303,TheSnowite
136149,throwawayacct98789
66302,cbca96
111930,SadNefariousness3
71593,min0rinc0nvenience
34866,Praisexthesun
86122,RAGING_C0Y0TE
103736,swezzterdingaling
69823,Exclusivelorenz
86040,nopointCro
57160,lightshow001
61804,-birch_tree-
75496,ShatteredHeart0
73536,CaCtUs2003
77393,thegirlflower
73651,cigarettesareforever
38124,qwdrtesa
9374,Itsoverforme011
100787,yuri_rockstar
117737,NeedTherapyNYC
107453,lovelytimes1
120917,AnimeIsMyWaifu
28418,ManyMindsManyVoices
35847,[deleted]
120092,the-gourd
99856,Outdatedgamer
84451,01110001110001
70375,Blahblahxxo
37320,Repulsive_Inside
98469,AlainaFate
137382,Artwark
55939,Sad-Giraffe
8547,Odise98
77395,Mellloyellow
127098,Ponyboi
137932,Woozydoc
96883,Underbot-6-
53282,x-FeatherDust-x
33297,ToInfinityandBirds
65187,RubyRubyTuesday81
25302,AnHonestLiar
37074,python-ish
133233,in-a-daze
88028,damero45
138956,pretzeltree1
5825,SearingCicatrix
11188,firefly1595
75870,HeUlMi
40784,owliesowlies
94385,onet_woth_reefour
121118,vilisbon
117832,[deleted]
113813,SimplyUntenable
93533,Throwaway-7568
23549,Irlydntknwwhyimhere
81301,Ishouldbedeactivated
110766,MostMiserable_Person
135575,dj000nt
12036,GreenAndKeen
99151,jetsetgemini_
114277,pipeanp
98565,HavocRice
27147,ravi-the-g-23
103984,eleighbee
91514,CynicSquid
95177,RateMyDick22
47889,aki122096
77585,trashyogurt
8765,rutherfart
109552,Select-Adeptness
74375,murderslap13
85939,danielkle
116810,throwawayayayayay041
33457,Cheesepickle73
23567,mightbedepresed
66822,paumc95
33546,qtgothbf
60140,whyliveanymore1
82180,LCL_Kool-Aid
84134,supermegaulthrowaway
11076,cutedeadgrrl
131194,Starrider420
51755,that_boring_dude
26683,jewell1987
14482,sspreader
32442,LeumasNoswal
45024,zenithybrid
8734,ThrowawayAccount5824
59769,HexxTheCreator
110499,berkeley_calmprogram
113159,throwaway923840294
111847,DepressedMemer2511
115113,ivanthechaosking
17464,Garrett50Kal
129181,LiIaIc
99765,sksklsoy
11489,Drechay
136347,jadedfloof
111028,itsalltoomuch3227
24219,CollegeStudentTrades
51413,khuliloach
38676,ricej15
128233,Breaking-Faith
105559,omnihaus
2623,anonymouspianoman
81220,UselessSound
137360,smelaia
126763,pining-for-void
75894,ADNAM10
130555,yuukand
102638,thraway15
13569,enoploteuthidae
33500,maybesuper_notahero
118638,k_thewave
135675,imprettyinto
7614,flowersub
136236,DeliciousPreference5
7263,starfishwishez
3180,mnlbvk
35308,HueningKai
30396,ThisIsMyFifthAcc
87824,hsacc972
20408,Macsilver18
33461,Tinwetar
16023,updatedstatus
10302,fancygrapes
42670,123sh3
112578,17yrcub
61163,throwaway22384928482
37492,newyork578
12277,JJ32Moose18
137553,falester
105159,alonepersonA
73150,shadow__boxing
53435,udiyfjygmyiyd
137742,SGTCarreras86
120879,MyDyingOpeth92
73433,Xontroller
136075,haclllzmn
138996,sophiairl
85133,JessieDaMess
34553,xRelentlessDead
101184,with-alaserbeam
128707,seraphoria
38251,ZenithLemon
6928,jimboyc1994
134940,Kalistoo8
52479,7kgs
115599,bore-ragnorak69
87516,bigtimbs_52
101125,badbishbrooklyn
85645,Pie177
70518,potatoe101
89657,Asasuma
38420,dmoore5487
46727,zraca
31690,sightlab
205,D3pres510n
115095,Depress00
114678,Mark_Of_Death
50085,vickielockie
97649,TheLowlySkeleton
87020,Urmom-Isa-Boss
110711,classyrattime
71481,MaskedUser13
1200,yxik7tivd7xr56iu
26542,justsomerandompers0n
116356,Camsinc06
60842,masesarkidd
51267,PineappleMac
115968,ChibiLurker
44969,Vostrumetai
60456,_somebody_help_me_
117016,LXiss
119459,Addyisyourdaddy
131822,anonymouspls
76984,iwanttodie777777
115120,ryan_mm
73927,whoami_1988
81058,Phantasist27tb
73426,DespacitoCheeto
70372,etnoe
100311,thelonelybrokenheart
108762,yaydabear
78734,thisisnotmymainbruv
123179,itsDNY
125796,SilentPost3
132037,throwaway14171417
64030,BoomBox798
52211,dasepan
125810,SleepyHogs
46149,PumpkinTheOG
138114,AntiVhiruz
82053,Lightningoof
26248,Youngfred
123970,ZootBug
13970,centipede_soul
36091,Legal_Throwaway415
29293,confortfood
87059,loldeathyup
66132,StarWarsHumanoid
102998,CL_meaningless_life
82041,whatanexperienceitis
8427,soup-medic
1622,coldbuthot
52202,anondescriptUn
119744,Constitution_lover
125548,erinmalloch
80488,noicelemons
118360,monkey_7k
32588,mbanwar94
132428,NipplesTheEnchalada
79957,LittleRedLamps
59222,Im_Trans_Yay
63249,macgregor0617
111875,goldenmonkey33151
110257,Sup3rman82
134138,N3v3rBetter
100362,Lorn_silhouette
117533,OddGambino
119015,sugarbearxx
129425,vitaiterest
20556,rationalityroxx
49637,pporcupinepigg
4342,butterflykiss__
87947,SenorHorsebellows
128116,blackkittycat26
127994,Cant_Even_Think2000
45113,LunaMargot
101009,alternat-e
4790,TheRegretRat
885,longhornsrcool
97061,snigzou
88114,ca_tastrophe
3041,drunkenk1ttens
35997,miramango58
104285,DenimPoulet
55669,S4dD4d
77718,leadfighter10
34063,throwawayzzz4567
121246,xsadboyxx
137245,youngrichreckless
48169,Raptor450
48498,two-giraffes
71240,206Buckeye
72166,suicideNotedrop
51285,MadelameIsNotLame
106534,nathanrhill
47194,someonewhoisnotmewho
61063,lostnotfound33
34602,bigoof__
123265,throwaway1207201
34285,homebrandsoap
25595,throwaway914249
111354,niftynessa
3098,loneydear
10782,TurkeyRage
9689,ToffeeMunchAndCrunch
133391,deathangel1004
72758,D41319
1733,Triggermeelmo2321
80365,NikeProphet
123600,blkpanther14
67772,natiitor
29315,inkbeary
108783,ISuckAtNames22
30623,spongebobisthekey123
65802,throwaway324234343
100349,cigarette_hangover
127303,MaximumCrumpet
86312,pulutan
42711,Lis_Lis_
98239,widowess_prowl
7699,Anonnstradomis
45051,wrappedinlust
7850,cryingsilently
25954,eerielovely
16012,throwaway-5696959429
77660,felix_larocque
60937,Pagy01
17500,Blussuvi
45874,user--00
99107,overit23376
109799,17yrcub
17612,LethalNuggetSpin
16909,maso89221
58058,KlunkusBunkus
130344,Shadowofmalice
67523,InnocentIchigo
27568,someaccount6667
12795,2018hatesme
120461,aaaaaaaaaaaaaabaaaab
100999,Estarossa1017
5953,GalacticStarX
51252,boosting_b1ches_
59708,TheMan0nTheRocks
78040,eternallyenchanted77
88373,fuxkle
46666,whyhasgodforsakenme
25679,slaylor_me
54588,kevaux
72234,AverageAtelierGamer
103523,ClxyNxtion
97201,throwaway3565457777
121629,buttgoblin87
59055,seawhut
121105,SleepySis
120841,XxxBlu-flarexxX
89340,Prime_Mumbler
45210,thesestreetsarealive
92572,immarealcat
98793,takaperoinen-miete
93053,IntelligentMap6
5243,xoxoplainjane
138923,bluesclues12396
117545,jrclbrdr
58139,a_meninadanca
7653,Jenitalia222
125195,bipolargirl1998
74352,Cerms
136858,introverted-plant
36379,krasperkat
12651,Hayate_Immelmann_
112775,ghostiic
106268,lbpforthis
89013,painki11erx
57920,throwaway-shortie
393,Lersbyte
66266,maxwhte21000
620,Lonelywolfcipher
66920,deathispeace777
73875,xxkittensrevengexx
99263,thisisobdurate
11121,Robn8r
1175,catdaddymcnug
14632,Melancholy-Mood
24713,thesubmit
66420,hasleruegsau
57791,springtimecool
59535,tryandthrowawayagain
134253,TheLonelySnowboard
33623,sadthrowaway0101101
3861,ClogsInBronteland
128564,eSkAY_Love
91490,StrummerAce
14362,rariol
111128,bluegenie18
129614,LerasiumMistborn
104781,LeftHandedFont
73726,obabma
16812,Afraid_Yam
60134,gonta966
20980,vimariz
21998,IMANANONYEAH
20683,AffectionateDemon
38290,teamrocketpop
126131,kbdrizzy24
17045,OlafMcBiggles
19874,throwaway1213521345
38546,highnoon1337
100177,SolidGru50
133934,ManySyllabub5
37666,Katie-647
61191,THE1V9MACHINEE
76511,loudloudloudstop
8954,sebastianebby
107792,Snafoose
108052,papishankillon
33464,fanechuchu
65166,yavvy
7442,frankiedavisjunior
124533,sadboyforever1998
137169,stozvwh
108715,Nausicaateso
127186,badspeecher
25152,sneaker_hype
84176,edkisin
113914,Leather_Cake
17383,elacmch
60671,Rainbowpearls18
89009,apocalyptictronix
21771,Trowit25away
19905,lesssaltplease
115215,arklay1990
120314,Goodbye27
32713,Breaking_heaven
16093,tindoor44
30556,SixxFour
44094,X_Ix3
127354,louied862
82382,WorryBox
7940,kphoenix0
20372,sweetFLUFFYpanda
130807,killmeifyouwant
88420,karennahir
17772,hallljahs
130888,whisperingtracetatum
132952,PrOneoUd
115586,Drowsyflakes
75058,61nk0
62886,1Rotten_Rory1
108048,makeshiftvision
121431,teacupeng
23043,okaybunny
92624,mazught
132311,grilledcardboard
101136,Meme_Shibe_Works
67277,pastel_dreamer
96890,IheartCart00ns
102750,_kpb217
119546,mralt3939
21194,celestial_nights
90362,Njskdn12
56221,jakey0242
119514,tytbone
92461,badthoughtsaccount
85644,madelioncatierrez
81794,TrxshAcc
15511,Avery3343
9508,YoyoyoImJoe
19859,thesupergreenapple
3123,Primaniel
128415,floodedmarathon
99288,Atenaikima
116184,Timely-Presentation
29588,BrainDeepBeauty
53020,DeviJoinsTheDarkside
40873,bingusprincess420
72819,Plmokn113
34279,throwaway3829474
124719,Zokoe
96983,ghostiic
43184,StrictPapaya
30381,wistfuloblivion
35524,PoshWhore
65783,Throwawaybcoofoofoof
137668,pastanibba32
108324,trappedscaredsuicida
130418,throwaway3203203203
30820,f4k34cc0unt4me
48535,Tasty_Customer87
114111,goneby2188
49075,AintSoHard2Recognize
35220,helpme274
108862,br3adst6
54883,accountd2_recovery
2270,Blussuvi
105242,oddlydrawnspaces
96223,newestcryptid
71,HideousToshi
14017,pb_nayroo
99504,yayayablahblahblah
71570,Evolush
99502,nsw_27
43543,alreadytacken
29350,BoKnows36
122411,emmabrown77777
71962,Zaxharie
103334,Coyotea-
68726,safesqace
49173,infjxjfni
20585,Deriv3dshit
94684,Moriohchoradiocho
129174,BadTimesBurner
47011,vegozmia
11765,commakazivoDKa
118997,natgochickielover
26101,ReverendDoor
86567,foopadapoopa
136996,Throwawahdjsjfjd
34074,dramaticuban
104768,Reformedgufestus
109347,Delicious_Marble
61369,1232609
119616,lolemonaids123
22942,kodaandorion
100783,45gudan
28810,_upvote_me_daddy_
16131,glandhf
80678,aethelia56
43916,EssenceOfDepression
62286,bsakahl
100191,throwaway7272736
10692,goslet
67671,tinderwhoops
106122,cerseilannisterbitch
12612,wake-up-donnie
85335,ThatGuy2u2
6060,doodlebug2727
41497,Phil_Swift_Official
81849,bunae
108785,nem1111
32017,ajj731
125531,0949325098
72782,4x49ers
16157,Lev_King
19780,piggycan99
47976,KanyeHaveYoNumba
22686,reynard_muldrake85
138552,boxofrocks14
1734,ToInfinityandBirds
45800,Throwaway561777
87169,imanobody23
45387,-purple_unicorn-
27451,keppycs
54255,RedGeckoChainsaw
113042,Eloisefoley
63882,myass12
119003,d3ad1ns1de
68274,Creepyfluffball
79187,BiLemons
113786,ReachingReality-
95442,BonkersinYonkers2019
82471,absentmindedbanana
118603,Throwaway_Account279
4291,A_a97
34480,Uncomfortable_Ebola
16254,kidkiyoshi
109028,Muffin-exe
56201,f-_-lavio
131918,3Toes88
54721,bekkayy
1578,lilsl0th
97699,ComprehensiveStage8
68484,Ursa90
85911,kearaxxx
120283,XenonKhaos
6346,wd3war
79877,LudaBAWS
102475,EpicGamer18747
138978,stozvwh
29026,lostinlimitation
101167,ilovesoggyfritopie
102119,Accurate-Razzmatazz
88143,viyiana_32
101705,trashlady88
133565,ilkove
12171,Asasay
40906,sobermama204
34039,tacodepollo
132231,yourmum887
32847,Fritzman1998
109688,Pineapple-Spice
23391,SalemForPresident9
39019,aintnoGDSOAB
134061,ThatGuyWhoNeverPosts
71927,pikachuuuuu
86693,hidden_sirt
93969,GreedyYogurt45
117096,gibocracy
23140,NibblerOnTheRoof
46803,gabaabga
132175,wyvernie
93032,RubicsCube42
95891,BlookyDJ
45325,whooooshme123
118080,bencropley
41374,2builders2forts
134449,Kharmod
46317,StuperB71
85179,myaltacount190
85185,GhostOfAbe
96235,tallyfall
33663,zmillz1125
111646,FiveDrunkDogs
22414,twentyspots
90582,flylittleman
7898,unc1e_sam
57237,kano1620
96820,hesmellslikeriad
32832,cashcapone96
95676,SoraWisdom
66570,designerbrian
112616,Aztr01d
51736,HexxTheCreator
29653,Epiphone162
1449,das2313
123293,whoamitryintobe
134034,sarrafloriana
69526,Temporarilyhurt666
7510,Sebson8
121731,mysticalnipple
123994,KilljoyTroubldMisery
83249,RyanPepsiPeach
113631,Mordec13
60879,iwiwdskm
15897,ForlornNinja693
15072,chicken-nugs
56263,Still_Construction
103156,RareSorbet
12911,AODeath
5833,jdpm1991
95237,120daysofsoda
33020,emptylost
70109,pastamama98
62334,zifer24
47151,junoisorange
136877,Everything_is_T4ken
5772,t1234n
54822,jackiesbackie1
107334,LocalRetard4910
122450,wanchichi
94512,mandoucv
5520,louvre247
46912,jcknapier
134464,LordMarmaduke
45705,gianniehh
74584,iwanttodie777777
26235,Rian_Maximus
124650,rainywriter
129850,Anonymous444422
3891,BonyBoyBlue
79958,mors_omnia_aequat
99835,Wajarbe
133597,rrosaalina
65895,shiphan
13199,glowsticksforstars
86866,576711JNh
137332,maksatdosmailov
24543,Upgrade30
138434,AeonianAce
80665,imthefuckingjoke
69947,EnneagramTwo
35351,schismaticprism1986
72359,MinuteSky1_1
38092,Praisexthesun
96288,JCwolf15
70833,ACaulfield910
18697,spirited-away-90
19881,disworldbecrazi
23507,Downpour92
110291,aatrexxx
78770,Bandicoot_knight
31786,biologicAI
2724,mgage03
49810,astrorobics
13911,lilpeep_shawty
26463,StarryBallarinaGirl
54352,Dont-waste-time
21538,missjaniedoe
136129,SuicidalNothingness
73027,EmergencyAirport7
107213,ziggledorfen
124430,Wdl314
117783,Ololo666
53572,throwaway235773
12096,luckjes112
31250,ThaGarden
24102,spid3rsting
89909,Deost8003
87113,errilan
48378,analisj161
109751,appu96
112263,enoughtobe
131428,reachingforthesecret
111827,humaneHolocaust
15695,renai_love
89720,wookie-bowcaster
22891,I_Should_Die_ForReal
16534,HighSerotoninLobster
4322,zak120896
124953,AnotherTrowaway12
126222,gigapetaexa
131571,alt-2905
115608,soeonehhh
84744,ConflictedCop93
54121,whalesharksky
60723,bzg666
73587,skalfo
50632,Komorxbi
37618,Umbreonical
72323,ikeameatball_
68382,DrunkDeserveDeath
133858,unknownelixir
65398,sizzlebizkit
83674,SI0-Retr0
5431,kitimiti
81715,anony56678
55915,pongoslice
105910,Siddhartha--
108650,actual_car_fire
40180,novkat
136585,g_g73
116737,crystaltorta
55472,Username_tAiken
89107,DaAceGamer
87551,gmcs473
119556,kankerpaupernicht
55343,___sahlofolina___
120665,MrWortex
71098,666Elysian
86112,muricanmania
127618,Pr0fe55ionalN00b
22926,tomz323
14750,W3rodst
74381,Zip-lock128
135285,SeekersThoughtsUP
104682,goldenmonkey33151
42323,beyondthewug
114764,bore-ragnorak69
58045,tooshy4life
13390,nearsightedghost0608
83199,1901901907
35568,poopface767
30225,donewiththiss
85314,OrcinusDorca
93630,Mozzooo
84520,Wannabgone4
109183,alternativepresencee
47352,wykan
57606,kcrigler
31383,luismancillacoss
131322,Sg00z
5312,soupjan
88380,darthbreezy
123062,tylers-anon
59886,isitworthliving
121221,Anzzze
131052,suicidalthrowaway03
41791,Citheryi
133460,sighkillme
60244,Gabvosh
98891,dv8eve
62419,sadboy640
97496,hopelessly_floating
48658,Deconstructed-Taco
8018,RowdyRar1ty
112513,ericinhell
124864,Grass-With-Tongues
76418,TheCEOofGoogle
126822,Robotdinodev
121663,Sudd00
20045,suicideenby
61732,throwmeawaydeadass
57175,idkhowtobehappyatall
29769,Alrighteo
68908,Help1Me1Pls1
16596,AcceptableDesk
100292,testicles3
138516,Maitreya137
41976,Tarelomeht
109002,[deleted]
85916,heyo33333
4841,anon182738
3108,s7v7nsilver
100440,WasProbablyACatB4now
39430,JosephStalin0416
9905,HHSIWMOT
1318,sixStringedAstronaut
45260,prince_popeye
99043,versipelis
90308,ihatefilialpiety
112570,MyMumIsDad
84990,WWWeast
21734,ZonalBread
21708,throwoowowowaaay
86337,alielantha
138084,quarantinekills
11384,Njskdn12
112604,Throwaway401491
37133,BRDRUH
57898,CurdledART
43621,itsbrittkneebitch
123318,Fredman97
116242,dark66966
46935,kaykay7986
102300,helpmemakeitlight
97493,DODO_pahuljica
57472,ThekidAintAlright
4850,CarsonAnaDaily
95945,maxipadsforeveryone
50391,WhatAFineWasteOfTime
122772,fr0gcodes
10091,throwawayaccwatch
45994,Lucky-Duke
4608,reddit_save_me
88684,sonofehud97
87104,Tyler1349
35765,YawningCrystal
77936,WanderingDrunkard
8102,Aldraxic
43697,teamrocketpop
80207,bigboi8686
86481,YukiBean
120533,Innate_Gravity
103003,naturebeatsnurture
102129,Thexicuiter
13796,Barren_Jenton
90160,okayboomer6969
90049,haley_tron
26710,Anonymous5Numbers
112646,matthewh1401
99401,Curryfamily31
72452,willw18
104337,apocalyptictronix
25029,random2569
108291,christineos
51794,ljustwanttodisappear
125411,Yerkoh
7207,FirstGalerian
125463,joe-m0zmm
49835,ghostiic
100664,itsstonerrick
50680,cpjkyl
130857,JumboSnausage
124947,marshpie
104424,DieInsideThrowAway
57118,accidentallyhappied
50274,Milan-CL-pls
44832,andreasreddit1
92631,WorryBox
55008,kirbieirenea
56053,SinisterAwakening
88881,disorrderr_disturrb
68481,naymp
137431,Jgunz10122
125626,KinoOnTheRoad
86947,sleep_dirt_
2657,alreadyexhausted
38362,HuneyThBeb
79854,iwanttodie777777
51573,radio-mantis
14511,ravi-the-g-23
12114,Zzacci
40077,embarrassed_hermit18
99940,maddievm
29731,marblelies
40305,torquoisesalamander
30842,PLS_PM_ME_YOUR_CATS
61464,Yuno79
27332,DankGusty
29046,catshaiyayy
125201,g007w
81566,h1mmelblau
128016,IXSoMuchPainXI
45040,lixirous
74735,copypastemepls1
27875,ohhoneyno_
63547,SxnDrick
25081,benmiller306
95779,lobsterjellyhammer
67587,irresistible_zey
18326,Othmaine
82938,ersatz101
60319,yeetx100
78345,cloudyfox12
47670,Bondori
120491,Vsienme
96292,KittyCone
75211,SNESgooftroop
34585,zahratonin
37842,AestheticDevelopment
96999,ooga-booga-tachanka
133290,purplerain40
63093,kaczmarska
76779,CatDanielle
119473,sleeplesslinguini
81551,ThrowawayFriday_
62172,theonlymeme
31204,bless1
107785,thoughtstroubledmind
11592,scottmon3y
2141,idontreallyknowwhyw
72842,WasNotMeantToLive
111893,icyblue260
133762,Random_Doggo_
2651,God_Of_Wards
91327,EliRayne
46660,BeaverWithACleaver1
31981,AishiKanashi
16784,random-user-account1
37570,NeoTri
41735,pygna
129481,lolikittenv
84904,RedWhiteBlacknBlue
108333,[deleted]
35406,Mavricks_152
24576,truleota
29251,sadlysadd
19820,throwaway68768768
12489,Justanotherdirtbag42
91204,dreworbuskeridunno
8143,eathanm8
76334,Unhappy_with_life
26080,lanahbanana
94543,cryptidintraining
40090,itsmesoshi
98701,Flare20Blaze
99966,manlytoes
57750,hanitm
137749,nyaaaaati
85809,Jocelyn-Lane
14154,Pencilpupa
73041,LowGPAdeath
38371,redporcupine1111
93185,ConsciousWelder
1304,Beardiebaldie
22964,PrevuDeTuer
101483,pditfl
79226,-FallingPetals-
24572,noonecaresgoaway
56403,sundriedteeth
73590,tommychampagne
50677,saucysaif
61085,Shugokaboy
131991,grumpy-buns
133854,413612throwaway
11737,Throwaway29292928
79694,pppfpfpfpfp
23975,VETSrFUCKINGLAZY
41765,alxx9000
66127,AesceticBalor
115544,naimza18
129582,dexbo
62982,Samissuicidal
42684,kayabee217
21994,throwaway576585
62467,windowtime
21076,lemonboys_
129872,bob_dudley
68871,Hollow1011
111647,Mikediddo
26038,flamingofailure
127246,Jazzaran
14241,skrazaz
139519,J_Jostar
46898,medium_rare_beef
131238,PeachySneakers
139395,AkaviriForever
59345,StrawGrasping
11305,jasperluna
34265,GreekFreak4MVP
55304,bloodlustuwu
120076,ololz75
5403,kirtmew
111935,Aligertor
49723,ReggieYuck
106241,louiexdufflebag
132116,OneAndDone8989
87157,takesh11
20642,Macsilver18
132793,myconfusedheart
103536,spidercelery
117100,taoofmojo
33006,Throwaway999serious
121025,AmyIsDeMan
9214,Itsoverforme011
45988,chainsmoxked
83292,WarriorBlooded
77559,SuperSillyKitten
83715,buttmunchi3s
85703,nabaderp
21851,rich_random_guy
135343,tanishvv
115192,Slight_Touch
111375,celestinamarie_
43468,mwahcats
94038,HCIM-
38253,gigfguhhfgu
51162,GazeOfEmptyEyes
63482,HealingHeartTrwawy
1648,Narcoticnurse
137262,therearenonamesok
104007,Username1110010000
54788,SterryDan
25923,sacha_ftm
115515,Heckbegone
111355,OreosAndDreams
65795,dzikiwonsz1
98193,shittyoneshots
113890,doseofrose
102795,ABitAutomatic
51560,sadthrowawaygurl
27656,mik_e_hun_t
136044,[deleted]
93761,_OutOfTheDepths_
28938,earthenstarr
116415,flashbantk2
54196,euphoni_umm
109512,420throawayz
90269,IAmTheLastMessiah
113713,indicakae
46927,Paradoxionx1
139422,Kill_Till
23062,justrambling2020
105081,Prince-Imeut
228,Macsilver18
25270,hdhdusiwiwiqkbev
2294,throwaway18263922729
79181,ichokeonsushi
17147,MetaphoricalCliff
10991,Yaygrrs
57567,DogOfIceland
14516,mandolinemassacre
138505,lOlLoSeRXDDDDD
119325,tHrOwAwAyStUfF666
32717,LofuFox
73387,17jjsoy1
31161,tempo1rary2
98718,WithaClue2010
134484,creepyjellyfish
134951,TalkToMeMan
39826,wetfish45
37019,Uwawogobem
17275,xwearethefandomx
3633,Tanner_the_taco
37054,HeroExists
50742,Bakaine
16549,DepressedLemon666
33310,DreamingCowboy
133466,ButtonSmasher24
82768,SkinnyRock
74961,i-am-happy96
100902,Ratchet-Trash
5539,throwaway557600
75951,LaptopInBackPocket
56835,bdaytiger
120768,aurelioisrad
56958,vickynicolee
66549,havemercyok
90369,Dragoonpro
120343,A_Moving_Targets_Boo
15603,Xx_Stone
52255,oreo6362
108265,[deleted]
116702,sumxt
112067,throwaway_244e
127322,Mrwaddlezzzz
17386,Ihatethingslikeme
39021,thegreylights
139068,FilipeJF
69196,xdepression_cherry
125615,watestation
86834,[deleted]
131568,Midnightstreetlight
63582,intoxicatedbarbie
128494,hangingoroverdose
8550,IMAMISHAMIGO
92882,Soumi223
54912,spicy8812
27114,poopface767
124890,Rapalla
56368,bigdickmatt1
95247,gaylord678
111078,anonymous_emo_
115754,msc_224
115774,GiveMeAReason6745
81252,distressed-lesbian
34384,GreenishBlueShirt
107746,ihavezeropersonality
112884,spidermojo22
27289,Gaymbers
51165,throwawaybunnyrabbit
32902,Avocqd0
105335,Icecloudship
137096,borntobesomebody123
56023,mcchillin54
60741,JMovilla
10808,lajap
51241,Unchainedboar
86793,Julztine
30725,ilovedogstoomuch2626
23091,societyugh
90115,fadingdaisiez
115835,this_site_is_fucked
10560,aneurbunny
120025,UpityDoot
15379,nearsightedghost0608
99026,Obi-Wan_Kannoli
120375,maybeornot19
85807,WolfyKrilovs
50242,Evandre_
122036,ISuckAtNames22
973,Alisha-Nasir
18393,enneiv
50687,RoSe2272726
44062,raxuseng
71225,LegalEagleZoom
104455,_agarth
42463,huhhuh80000
122848,boredpandi
22157,huajak
74725,heartmadefullmetal7
138242,brunothegiraffe
52666,alice_and_cheshire
24577,tomuchtoohandlenow
40786,MrWortex
88728,selfharm_reality
56257,jungmalshileo
99986,UntouchedThrowaway21
35640,banjer27
103660,johnny_walker_lee
18634,Fradon
133623,SpaiMain420
83969,justdontfeelanything
129471,pilsl28818
27654,TaediumVitaeAeternum
63715,Egaosu
128658,account9171826
24067,restlesssheep
20210,AdecostarElite
71348,aa347aa
4773,HeroOfStalingrad
75477,XtroSpeical
44314,Pontiff117
90831,thekingcobra12
125762,imnotfeelingokay
2197,immabich
128020,dolphin_96
42083,Idkanymour3
39853,cstew9605
116531,Mercedes_GLA
79305,huneybeb
49080,throwaway8193151
35334,luismancillacoss
102138,Returdedphoenixmorph
102216,ISuckAtNames22
76755,bunnyracecar69
99574,yeperoonie
93285,iKorofu
15226,Ineedhelp11a
108960,FiveDrunkDogs
44331,Lyckslig
35467,CapelaBranca
85134,Livinwhiledead
5890,Ilikeelectroswing
34830,Lord_Lamington
83695,throwaway202245
56453,Ember_tp
47423,IKeepWakingUpHelp
101581,Affectionate-Celery
86379,pi_3_14158
9621,icymoons
47048,WWWeast
87566,coldspringevenings
6310,Raptor450
32968,ZekeThePhreak
5231,Romka2001
27214,renegadeslaughter
90578,FiReE-Agmaio
108986,watercanwally
99072,Rotten-Ivy1771
130545,shouganai_
30479,needtostopdrank101
71435,emmmily20
105876,kalimoo
106121,Lunabevin
70416,gaylord678
119079,dicktitstheremix
23329,ArryonA
88898,OutlawJoseyWaIes
66289,bigtimbs_52
133339,upbigdoinks
106944,highanddry771
128761,GamingGarbage69
45369,--dark--phoenix--
125693,fallensoap1
31191,throwaway121400
111661,dsh47887
91990,Lilac_Bow
43482,Misher2
25589,fortnitew
83444,benz0is
20940,quick_account22
18519,s0angelic
94178,Rdtripicecreamnite
25626,lilpirhana
63585,Throwaway556721
79955,Super_Nova_2019
68537,ServnSwerv
33817,Str0ngandfr33
101390,ChiWindy92
36504,Provalist
19715,theschneiderspider92
63282,lonelylittlephoenix
57209,FatAssYoshiFucker
105911,Flane
92154,Sadhusky
91559,doodlebobber
17521,Reid_ballantyne
69785,OverHeatingAlienware
98320,GaloisIssues
45901,MarkZuccTheSucc
54799,w1ndh
37356,EmbarrassedCupcake8
559,EmotionalEmpress
9788,I_rant_here
123326,somanyquestions1111
17992,delusionaltea
17400,spicy_chamomile
543,LiveRemote6
110077,butterd-toast-rox
12102,anti_bulli_akari
120706,pusheenspizza
21472,Strange_Candidate
44768,MurdockDevil
17897,DiffracteeXYZ
30605,VinexHD
123752,MRFOJ2
121163,AllieR98
134245,TheRealBarnowl
54227,lajap
120139,Call_Me_Blue_22
101853,dowsara56
73478,urbanmicah
40623,EatYourVeggies1
110363,Xintani2
71399,sploogah
31554,trioceros13
123648,xr4nd0mstuffx
98682,ABITCHYBUTCH
78788,Star_warrior57
100649,BigJones79
15475,makelovetogod
76374,mountaindude2112
12758,Quizzis
114570,fdc5437
23960,draufre
35606,raymondsebond
48470,NotReal26
97869,RedWhiteBlacknBlue
42734,Arielcinderellaauror
94932,spookymelt
126590,dkrtsmith
554,ErkaustNoAme
7583,imetitonreddit
34181,My5thor6thThrowAway
19071,alt1272
48415,KalicoKatKomrade
129601,loserchimera
130113,hatelife2019
55234,remion007
112434,plumtreezy
76543,overwhelmedintense
20496,e-monica
9657,Shirayuki1125
109532,radzinskyx
135862,Csg363
101129,ItsMe98_ItsYou
125068,vashh14
12574,Goldizzles
54429,BirbWhisperer
25476,FoxCowKing
24684,Jesus_Fistikus
35904,y-llygod
86827,[deleted]
47100,AmazingMeeting
14670,OCPDsuicide
99097,LambofgodQueen
3725,goosesandducks
28467,FAGGOTSareFUCKEDUP
63189,MrPokemonn
79768,TheFutureOnes
128030,throwaway13140402
9103,Riggerman10
72642,mf1984
52504,nonamer1234
37785,unculturedweeb
92981,Schennanigan
123707,Srb619
123928,SouthWash
132775,N1ck2291
82525,reallifeperson12
134063,lobsterjellyhammer
84007,CrackMochi
96942,Praisexthesun
31074,WorthlessSociopath
127848,Alkiaris
3709,TegansTeaTime
94454,Freya_McCrae
99901,DirtyWhore19
105455,blondeleather
21084,rylokohen
83127,DesperateLandscape
100840,redarrow992
4366,NotLegion
132573,ThrowawayBaller12
66347,methylphenidate1
19311,SilentHuman
134868,throwawayacct98789
52523,rratqueen
34225,Babyyoureout
3661,doggodanno
74162,schmister33
82188,robiblue
89274,FromAshes_IRise
45049,imgonnadiein20mins
87257,livvhyia
18031,00192
48604,DebbieWinner
21989,Dumbwaystodie8
26580,Ellissiaa_
3021,suisuiiiiii
104345,trowaway7016
115523,papashalashanki
105156,_Kartoffen
84345,-Into-The-Void-7-
135800,SexWithoutCourtship
48368,Farmersam12
132030,d3ad1ns1de
7131,DanTheMan2150AD
137959,ScarletFireflies
345,Cringleeee
18564,downrightlazy
107796,senzukai
52908,ubeenhanginwithpoopo
136814,PissedOffWithKnives
116842,hugefieryshit
58491,tacos_are_cheap
20956,BoeFloe
5186,fomaggiodalforno
137632,Zeph001
90287,Drownintherain
46341,JokeMokeMadafaka
124035,Thisonestargazer
48814,secretsofminee
25447,susiejdkdkfj
130135,Mousestar369
64905,Beautifile
45782,urldeath
32885,OKSHAWTY
128441,FiveDrunkDogs
110544,raveinsor64
81053,snakesnack101
86899,trashthrowawayyyy
20145,RandomAccount49372
126160,queenkedo
96510,lonelylonerfreed
88634,Blue_Butterfly11
138535,johnvoreddeadfan
130540,NarxQ
81928,Ldwmills7
49593,anondescriptUn
118452,WinyWinton
78589,mindofrachael
113026,BalanceProblems
42466,Star-the-wolf
107115,VriskaTheCuckQueen
98383,DragonLover96
64371,iwannasmile
31360,moderatedaddy
92604,Pontiff117
85160,kyumkyu
10261,throwaway120601
137307,cldntcrlss
8515,kdneiwbaj
57109,theacshow
84855,burner5551212
110488,throwsuicideaway100
134027,Moniker94
130933,catattack003
89228,anonymouslyanon9
113382,nfwitt
2745,MynameisHeyHi
130046,ObamaHeroX
13008,greysrays
78322,Unwvrthyy
65345,_frustratedesigner
108693,PAND3RLORD
29849,LuceCarter1
58692,sadgrl0
30559,Y0giOfficial
17979,GreyNetLord
80063,1nd1fferent
100452,ThePuzzySlayer
132847,usefulidiot--
99321,double_suicidio
17906,motorcycle_sidecar
49932,throwaway155567
98575,hugmeimscaredatwork
14538,hopeless-person
45750,That_One_Nerd2019
23784,jnsfwthrowawayg
131589,quackquackella
84366,hatefulharpy
80279,patrik4531
8643,LostBeacons
84807,openmiceagle
24819,RudeOriginal
107142,Brandon300428
28380,Zymaxieh
81599,throwaway6t45y644t
45022,710420303
112496,Qwerter_Mash
1369,tired_blue_grey
67034,repulsivekiwi
80675,breizhiii
566,MR4GN
40346,456788098
80532,dracomontana
101069,TheVulpix
80628,meaninglesssurvival
108647,ProtectmyPeople
59447,Atrax_banks515
22524,magickistragic
11939,qazwsxedc-throw-away
117357,vamptalbain
67010,Winterthorne123
111806,SpamAccount100
83682,LLunderdog23
128372,Justletitendplease
69979,Sicklightning
84547,asadghoul
57020,rangelr754
25510,cuteacornnn
50275,EndMyLifee
24419,tthirdmember
56170,bambivelly17
109120,ThrowRA-kinl
36765,Yuno79
31159,Anitaliandude
78260,nottoomemorable
44869,Raesand
10493,incrediblyfunkymunky
127870,01010101010010100000
3637,Thrownawayboy1999
34884,yobrother134
99243,Theultimatehamsammic
108632,dddopp
72293,Xoroshego
71929,incrediblylostinall
48710,mynamemightbejanedoe
20834,ihatemyminoranon
109441,FucKy0uB1tch
78960,JaSamKurac
118550,22ctsnahat
95376,lost-nomad
113980,MissAlopecia
111809,chelso17
85266,rl39432
27772,TizneTheCoalMonster
17620,KiraLamperouge
119656,Dank-Yoda
39026,99Carkin
52731,Tarzonezzo
32224,TheGutenbergMachine
69299,bindmidf
138555,hornyboomer2003
133521,starlightdaze
8033,riminix02
37648,thelaterthebetter
70552,pixieIndarkness
29312,Scrubzilla6000
4551,ResidentProposal
80037,SadThrowaway5868
67349,Digger_Desmond
48473,ithinkiwantto-die
306,Another_Settlement22
87283,thimobile
130576,FrenchFrySensei
111669,emailthrowaway187
22849,naranman314
111950,KatiesPosts
100926,psychedelicpeach
49042,irishpixiez
94151,ozjx
40467,DecafGrizzly
80907,gummti
97309,kenobi4309
22070,LelioKelio
92517,kyloloren
33046,dullmemes
50993,tdaguac
59087,Throwaway939374
73736,Pawspawsmeow
101660,SlitThroatTrash
104181,Anne_Onymous_red
77825,apocalyptictronix
63861,superxero1
131271,HmnGrbg
25230,EchoesofPoe
50206,throwaway737373734
120147,DemiSoul771
80211,depressedhentai
35227,GRCCraiders
32097,Heavymetal56
133757,NevermoreRaves33
43967,throwaway67334
128225,ajlaba
71137,Atomicblonde1
112243,queijw
40237,auserhasnoname7
12723,anx_teen
113508,Throwaway01836438103
126768,Veoove
131869,a_newtype_ofpressure
139237,SimplyStealthTK
24569,CaptainBathrobe
27075,72744838
129150,tylers-anon
43017,CastleMaddox
125370,stillsosadoverhere
18603,somewhereinmusic
64814,RockandRoll682
110408,AnonAnon_Anonymous
75129,mrcolty5
88036,HereToHelpSW
57314,cpjkyl
55177,a_suicidal_nobody
72679,ghostiic
29424,JesusCrisis7
14055,Remlethal_ES
72664,JennyTayLeahBakka
73566,Salarmot
116011,typicalnormster
111674,cassandrarocks97
72457,Theranderso
32947,zmrly
101745,RedWhiteBlacknBlue
70404,lemonybits
84282,apacherosepeacok
84831,Snoopyrun
44528,helios0235
14216,iwanttodie314159
17736,hddineejbe
87171,gothlasagna91
121487,ruthimon
118743,AntinatalismFTW
113776,blm_20
92666,MomentousIce
100744,jeskong
85320,OPoLaTiN
87325,Miss-Omnibus
105774,duke_r_
76436,turbulentcharge
126139,Externual
101655,redditthrowaway20190
130973,SlayeroftheInferior
93415,interxmnia
135686,not_thicc_sadness
16047,epicuser420
110121,SLICKlikeBUTTA
40725,angermngment
133706,Stargazing08
138219,DarthWoo
19143,duva403
86679,bigdt73
45478,tttrany
42875,iwanttodie88887
61474,airplanesandballoons
28038,kyskaali
109100,SoManyTimesBefore
10540,HugmeorDie
9731,SpaceChickenKarius
42272,Freshhly93
133199,its_just_bowen
71947,memoryserum
7538,Shreysagar17
27425,Pineappleheart117
56528,whatfuqmedo
103746,Larry-2_4_6_8_0
97566,hhhlp611
48495,QuarterMonster
40930,EysoreofSociety
33108,truleota
110197,Actual-Ice
62746,alice_and_cheshire
138901,totallyworndown
135604,Goingwiththebeat
4815,alderfae
14779,Jessoh
88839,Andrs_96
82926,livvhyia
21944,confusedthrowaway144
62404,raulspook
34678,contactostomo
90021,nurseylady
19426,Bengmr971
78532,ventsad101
67056,sadbutwhy
14766,DUMAduma5
79851,okanbey1
108209,caeolynne
18246,yungin101
129827,One-depressed-loser
67654,defiborsel
13299,LonelyetDeranged
101596,lifeinwumbo
58360,okonoko98
85630,Young_Dumb69
23950,Dcap1325
5405,lxomarr21
54011,AnxietyThrowaway2221
117812,bupropion78
3708,plantlady420
103767,defiborsel
11542,iwillthrowawayu
51474,SirSmile
78853,redsweaterwinter
128605,Seloving
84167,REBEL_INDIAN_91
77761,Koreanmelon
116306,stuntman195
121940,Shadow_Wolfe
81580,hoogachakkalakk
76692,Konira
132168,vkoi-
95950,inCTHULHUwetrust
53741,Shelly_Dranchwood
116445,QQgattsu
13336,dontsmoketheseeds
92724,amckayiv
29147,peachyyarngoddess
24545,Idontmeanitreally
27422,NoiseBarn
59763,throwaway73545446
91139,The_Lone_Musician
129042,SkyylarYT
1466,xxharasxx
93411,Jinx-Did-9-11
58874,lofu_x
30580,uhhhhhSweepy
59572,voidnara
113390,serbbs
50746,literallysubhuman
84933,donutcreator
137432,BusyAssistant
12685,OminousInstrumental
136641,Protagoras95
132951,FederalCapital
120775,SheBumblebee
115751,sad_sally62
38764,under_light21
85321,_erikarose_
75874,BunBun_96
3048,elaustero
134228,cancerisnoice
19296,emlgs
20379,Noir_Rose
98877,buspacern
130128,jltime
85825,ratthrasher
681,kwaptap
130339,deathangel1004
124977,BigPete543
33168,jacksmith106
184,insecticiide
59895,totallyweird-person
82107,elziion
41092,throwaway13q
113131,TeamGinosewok
136595,apollo3494
102328,Planning_The_end
108318,yourturnAJ
22249,load_PROG_8_1
108367,castawaywheat75
85842,AlolanVulpix16
36646,halfahuman
54043,AxenicPantaloon
131660,yydennek
124414,BadWo1fX
32001,frantheandroid
48798,myhearturbeats
9522,theunicornbadit
10291,CRACKpng
34508,travellingaus9
24387,chubby-hamster
98847,Rybunz
123881,stahouo
78354,BossaNoSe-
94809,Dennis_Peter_Thomas
75570,uglypieceofshit12
129240,meetmeafterdark
112744,throwaway29881737828
65786,Flub-a-dub-dub
64328,lil__heart
14604,SocialSushiEater
29078,TilDeathDoesMePart
100871,deadmeme7777
66777,nurseandmeddoctor
109848,poisonedblanket
128018,alphabetsoup1337
81839,ToiletSexnigga
83755,AusomeTerry
137809,liza_karim
19655,scrumpusrumpus
99213,fuckbucket567
13117,bitterend90
100797,TheFonsGaming
97631,yeehawbih
61479,Weatherman_thoughts
101435,kataendi
128551,Brave-valkyrie
135586,5FeetOver
96638,bw106
67410,crookdeyes
120791,islasaymae
113653,anonymous11199
132806,childoflilith0927
39435,TheRosary
48684,iluvdoingstuff
66034,rashondla
107179,14I45
56058,Id_feel_better_dead
93128,Dominion313
90217,-putin-
68584,HeartOfAmethyst
121689,aGayIntrovert
9080,neleanorw09
108588,amonnhg
112122,hopeless71
27607,matthammy93
4274,Daily_Hope
44727,ikeameatball_
127170,Pepito0079
97484,captain_jack69
29765,SilentKnight3089
132582,katesmith275
20134,helpmejoji
17575,bbygirlx0
101899,awstenstrashcan
93223,extremeq16
49839,TonyStonum
111691,outtamymindthxvmuch
42132,sans_but
49332,Bubububadguy
51050,ChanceC02
98714,hopelessromantic_99
15248,xTezzie
84579,throwmeawaybobby
52528,dscontd
135993,George1424
87856,RAGING_C0Y0TE
28144,alikr1
117279,ar_mL
107387,Cross2886
133234,MonkeyShitStorm
14564,ChampionPig
63356,KuroPandaaa
84428,HansAberforth
80629,nurseandmeddoctor
50507,damnlehew
54156,throw_mylifeaway
124575,Budget_Shift
124680,gayfroggs
8946,Terbizond12345
38838,dsongd96
88315,certainly-cenile
132062,ashlena_2207
57583,AlCrawtheKid
79941,cantsortitout
59313,apocalyptictronix
89356,WasNotMeantToLive
79370,innocence-in-love
68422,iamthetrashhman
109314,wowshardupbum
70892,Frensplsdontfindme
70662,mollycat66
50178,waitamin_ben
102449,Runeparadox
56522,JustWingIt91
108933,pooltoy3000
47985,[deleted]
40400,P1kori
21971,Diggy84
32700,ThrowawayAccount5824
89570,GleamingSapphires
136427,throwawaaaaaaaaay101
122566,Aaron4181
121552,catato11
79349,I-Deserve-To-Die
127776,El-Chiguire-Amigable
114576,Methadoneblues
116857,widlyTired
136927,Panda_Penguin
54438,RaikuFA
129985,throwaway_0047507744
40924,vee_cl
44576,PublicFloor3
61576,dinosaur_nads
84138,A_Nerds_Life
6817,prenuproastup
61237,biancohillssirenabea
122633,ImBrok_n
136640,CocoGrasshopper
117188,[deleted]
87034,choswnlettuce
14598,cidalsui
74257,sunburnedgoldfish
55615,lahari004
99694,fiftkcfkvkl
61873,poemsdontmeanshit
43125,theshankdude
123186,that-one-cat8
16970,Butternubs24
104237,bakedBoredom
57458,jamesonfletcher
32306,MyOnlyChoiceIsDeath
112486,LuckyWhatever
58159,edgy_meme_queen
47205,REAVETTO
19781,RHCPlover
90824,shooting_stars2769
42825,luluhasmagic
36685,gowashyourmilk
115840,sorryeveryoneitsokay
79176,youremome
52549,Tossmeinavolcano
122217,DeadlyNightshade1108
32377,justauselessguy
81385,trishatrixie
42450,zimpleboi
9067,SuiciOutsider
122480,Matthew-14
70451,YouWontFindThisOne
4273,DisastrousSurround
636,bookcaseboss
39064,Azuvah-Adonai
78163,some_alt_account_idk
24009,SamBeeTee
128793,FlynnFord
60316,ajakskkdld
111164,Ty_LopezGarage
114616,K_Curimuson
77519,FunkyPineTree
129946,friendorfaux__
91344,WeAreAllDust
58082,Pencilpupa
128181,9ublic5ecrets
24192,cantbelievethrowaway
63889,neenahmarx81
40585,justarandomperson53
13264,MephSteph
38988,kingduck92
101752,milyoneroff
86820,TheOneWhoUndergoes
24424,gdru3500
126158,YaLocalDad
24410,JPSkatez
23022,oompa_zombie
120574,awhaleandaplant
66970,[deleted]
37155,maybethrowaway15
111107,Rytez6
54566,Dumbwaystodie8
56208,strawberrymilk____
90664,Caver_Gud
127996,Ayers17
23789,FitzerHack
35021,Cinsane
49891,FacelessGolem
107889,AwayCoffee
42997,AdvancedFish
17780,sp00pers
95428,cryforhelppls
19492,AnonymousAngora
138001,heartmadefullmetal7
1799,Passport42000
30435,dry-plant
16244,Burnneraccct
123316,ahrowtway001
28680,I_Love_Spiders_AMA
127099,OlsonShmoody2
138834,H1tlerHearsAHoe
15487,IamDeathStroke217
116291,flowersforyou17
86901,rainyday1347
136272,_NewWave_BossaNova_
96975,brokerofsecrets
43708,kateybugz
87432,fourohfourrred
47015,KINGWeeeWeeee
102485,throwawaythedraco
44525,HereToFeck
120785,einsteinpoo3
114106,waterytart83
25323,rokkerstand
3309,inthewell99
72242,calutace
116666,titefight
105400,fatman8899
4708,Friendlyseaotter
115173,AnAsianGuyWhoEatsDog
72672,throwawaybunnyrabbit
116648,killme101a
15994,Ghostboyisdead
30485,borednangsty
120697,Sz_zach
6595,Foggywinter
32100,SecretBurden
5770,SuckaDeezNutz
68119,Mag1cQ
59800,under_light21
130634,SeaSaltSaw
98024,Coffipowder
87272,livvhyia
118053,AlexanderShane19
35602,memoryserum
3288,throwaway35710
76174,throwaway12837812
99048,graveyard_woman
31814,lysecro
27239,mamadvicethrowaway
57947,throwable3
46624,Biggus_Dickus_69
44987,JoTits
135038,ThisIsMy107thAccount
128718,Daiyahoo
29847,throw_baca
105427,TheBiggestDoom
41268,papaithurts
107812,LifeisCrumbling
95850,throwawayacc3x
107175,mblrn
83065,dprxnanxtydth
43738,Meme-bowl
1212,jptalksYouTube
128741,OT_7
66849,SomeGuyWhoWantsHelp
39043,theritualmurder
16207,throwmeawayfaraway99
114388,Mufffinmidkey
70599,xxkittensrevengexx
88737,Imaginary_Evening
120851,XenonKhaos
5966,WhyDoUKeepBanningMe
16565,Unregistered_576
82606,sunnydaze8
55544,xxxxxxxxcxxc
129845,sleepwalkchicago
111902,TheDarkVixen
29313,Samuelmacias72122305
32448,tweetygang
12993,thoughts3829173
98016,GlitterAddiction
81647,Rugved777
82493,beachedbeluga
15727,isosorry
111489,littlekoral
42895,lordofpopcorn
73087,camelonmyback
97732,ElizaCrystal
3600,OOLLMM
138960,PrincessImpeach
11051,MajorLombardi
82282,penguin2011a
112512,m8whipp
70334,Bog_Daine
21334,BurpSlurper
22551,LyitHostage
37128,JimmyMcapplenut
100637,BoyMeetsWorldBoy
106514,struckanerve90
33861,BrowncoatIona
40455,UmbralApocrypha
14751,jkhe01
54608,Sagegreenxx
43142,depressedxa
80408,TypicalLadder2
133696,christmusa
96395,chillicheesethighs
86663,ahumanpersonbeing
60611,JustAStranger69
72313,trainfoodxxx
25119,bloodvirgo
95700,Throwaway273838384e
13539,lktgrsss
68150,Soitgoes_44
113578,SpiritualShock
90514,CaoimhinOC
78223,lolikittenv
138273,Im_Not_4_Sale
72747,Geomaster53
78459,Ishouldbedeactivated
129776,shivlyt7
30236,candournat
43333,jamespatrickflannery
55842,slipperyslopeofsin
10515,JJ32Moose18
76235,waniyanony
1818,otyorty
138889,allyintheey2203
54515,iscoolall
92244,throwaway12435210
65669,ASeriousGolsfish
9233,SewBadAss
44403,karennahir
49791,idk_______
100693,Nicky457
63524,throwfarfarfaraway13
136115,Truffle-Charm
107963,sosthrowaway1992
30851,heisntlikeothergirls
116916,bellahere0
22548,bluamazeren
72670,deadwingsdeadwingsde
105316,gagafreak201393
55659,Bruiseviolet_
982,mooneternal
5373,OpenProfile
81389,ca_tastrophe
64568,tinyhumanishere
139349,kewlface21
132286,ravio666
60603,funny-meem
10732,helpmepolorize
98801,ready_to_die_6
130371,YeetOrBeYeeten3000
110716,TootyXD
117714,_irene_adler
53104,decentgangster
31086,Idcanymore7375
89187,zeldalockheart
107621,nothingoldchap
100574,baljeet101
52891,Yumyumyum444
124665,Ouchkibiddles
8638,RootCheckM8
14196,UnfairCorner
120198,BornAgainVirginian
64327,huntychuu
19514,CaffeineMink
41896,Worthlessteacher
16515,Tunpaz
12024,-PrincessAzula-
23615,g59slut
43686,bigdumb47
48962,stonedgrapefruit
37814,lowbrow_spiegel
115961,chiefrq
87346,RGCrono
29504,PerfectionM8
84392,monkey_7k
81404,alphahumann
28327,castiel65
132023,PileOfRats
3973,username9455
57343,Epicfuzzy17
35998,Reviewsri8fj
54512,NikolaPetkovic
123839,Porkkanakeitto
102759,StayGold90
123105,Xx_Stone
120184,jupitar17
127476,skrtskeetskrt
77016,-bach
52986,ResidentofNarnia
63368,Emsaic
19266,FishyR6
66423,Bimasin
75631,luvtocycle
84631,Thexicuiter
47073,KnyomTebe
54804,Thanatar18
19636,Dying_God
43465,MrWortex
36487,IttyBittybitch
37183,TruthNotSorry
113685,mad-flower-power
33590,thislineismine
6391,RawrxD_OwO
105549,Funnyfigure
135056,TA420-69
100316,SpaghetAndRegret
107249,sleepyboi08
93080,DeJesus630
22303,ThatWasNotEasy10
114490,tvgaming24
134381,ForgotTheSun
19368,thatDarklordGuy
109157,nyandere72
128967,josueisdead
97394,send_me_pineapples
8967,themountaingod
138977,lowieoqbfbciq
7726,SmokeyJoe1945
72741,Septunic
85507,throwawaypizzaman123
6440,jacobgold97
124437,euntoori
26608,sadboythrowaway29847
130380,tiredofliving89
38343,bustedandblu
10405,Tristannnn_
48310,Current_Selection
8266,suicidewatchthro
33950,Episodix
117382,j_supernova
51590,Still_Construction
94442,Myjournal13999
25292,FineSorbet
29021,averysadpanda11
102318,Similar_Researcher
84512,hopelessupplment
11561,spyguyluke
40139,throwawayyyyyyyyhq
87213,anon-account4
23602,casualtea11
122677,Berkeleypsychstudy
20147,bananaboatbitchin
44310,GirlyThug8
29219,Hurphen
59495,PotatoSauce13
44261,Arbodium
116612,wisqrg50
223,vintageyouthk
113668,snorkel__
87601,wallyis_offline
32785,Throwaway12382620
8901,MelissaArt94
103844,best_faster
5038,DoMyRuby
101697,Neurotic_Sisyphus
19644,Death-is-imminent
131356,Cupcake_11
124012,kiwikid9910
73979,Teodor87
70672,GlucosePatriarch
42505,cokebottlespect
107496,lovelytimes1
8546,suuuuupur
136797,BioBurn1
6058,DyingDylan
91048,yalppi
17484,throwawaay227700
715,notdylanchloehollow
132735,wrongforthepapers
73665,2007emovibes
124983,n008man3
47765,boxboi78
58092,whattheflippinhell
40741,RPGabe
50626,Yowhatsup22
56220,highcomrade
84337,SetYourEgoAside
87375,maucat29
124159,171219reddituser
127936,throwwy1222
14487,inevitableending33
93239,drchaos2000
135005,DriftingVoyager
9555,BigBoiiiiiiiiiiiiii
66174,Peradoxm
56613,LittleRedLamps
66581,Throwaweyyy69
60039,testicles3
85500,TurnedCynical
53436,DarnedBagboyJr
2939,FrankWest21CP
126102,Unhappy-Escape
88759,576711JNh
60751,shelivesalonelylife
86683,Hehsjsksospapapap
28198,nice_spicy_meme
107973,Hello321876
443,zboy663
74825,2073040
20169,ats5398
97186,HereForObviousReason
20351,awakeanddrowning
47515,sciencemann
123006,GhostBanditoBoi
104788,leavingsoon9876
54159,chiimotosuwa
77177,overwhelmedintense
22132,Macsilver18
27266,Winterisnowcold
61494,543iam
123856,candynomad
138837,GiverOfHarmony
112626,kni5es
108067,derpy_and_miserable
131931,prozacpotatosack
13848,notmeanymore69
19422,suicidewatchpresents
138579,kchismark
132629,mooniah
117755,charlottedoo
36586,IrkedRabbit
27196,awkful
60727,orangeknight25
15852,throwaway235773
112903,AlphaOmena
58281,Throwaway35214J
125493,throwwwwwwwwaway1267
11843,negativelychargd
6099,louhanapessypablo
125682,Taco_Bell_Original
57752,prettykittytimmy
97722,depressedbitch899
61013,adovest
2396,jeansmushroom
120448,throw_away0969
55331,Jo8352
132150,Organic_Mulberry
112649,Phoenix_Fyre1337
29014,givethemcupcakes
69737,throw_away177
119604,Tripp66
128161,ChemicalEmilyBoo
80656,-birch_tree-
59065,BabyBird97
96229,cesrankin
15696,Baconbaconbaconbits
45521,PsychologicalSoil9
119749,SkyxQueen52
127150,Jackbright682
26554,MadGusLon
82974,downtown_abigail
5470,11134567
16626,sad-but-trying
125045,jocelynnflores
129514,nuclear_girl
121286,elaustero
15991,4519161392015
113514,SeaSaltSaw
40592,ShortField2020
48079,ZooeyH
129070,cutefaceuvegotthere
88199,DepressoExpresso2-2
90584,ORiONizAqt
92374,Vamplyss
48554,dggjk
60623,_-Oli-_
136871,randompersonlol12
139363,andrew-shan
5201,0000dreamer
104021,alonenhurt
137773,justboredl0l
21691,NOname091212
43801,CV_Syndicate
68633,BarryO44thCommander
113759,deadwingsdeadwingsde
33671,wompawoot
15106,sayaandtenshi
26292,panonymousm
136452,eeveebkg
52813,Monsterfurbies
23750,throwaway47fnwg
59078,SarcasticMiasma
12335,aimzee13
27487,Hoppylolly-
79137,_Maethrillian
136568,lilpeepmyself
97903,gassstationhotdog69
84121,OmnisMorir
72410,Icy_Pollution
103133,blevvvv
31291,pinkmonkeybritt
28356,UnownAccount
130550,nikster008
35426,swxm13
48670,UngratefulCowboy
17356,AltBoi13
6500,Kratosthegodofwar666
29080,davethemacguy
124994,darkladysylvanas
114512,72744838
39397,Okaymynameistaken
24882,Shotaro-Hidari
114202,comediewithmelondon
56540,ElizabethLaney21
40507,GaryMcJerry
68689,Mrlavallee
134399,SuicidalHobbit
71603,911strangerdanger911
31035,leahkazuno
88107,throwaway2019202020
5276,zeroechozero
86295,1-throw-away-3
18194,DepressingThrowaway8
3818,hayleybts
24872,RudeOriginal
93562,RedWhiteBlacknBlue
62618,OkayestofBoys
38578,Merlins_Gold_Bar
37172,fuckoffimtrying
38928,wayback48
88812,_v3005
109909,pihaemangsang
20523,11134567
29635,MNPhotoKid
51112,behmehbeh
102701,GooseNv
12130,WilliamRat777
21918,sweetrthancheesecake
57751,ta_123412353242
109946,Dantez1993
101145,IWannaVent
43818,FlippingUnoriginal
73459,thatxpicklexkid
89523,DrTimTom
55595,redvelvey
50973,Pasta_Bin426
40442,RebelleWolfenstein
69880,KenPC
135722,legendarycmp
39895,hairbrushes
81395,freakfusion
29373,rn444
18151,Zeros_Deathwolf
57080,PetTrapuwu
62148,2245876
22107,RickRammus
86001,Shamad00
21399,crazycatguy23
59217,AthenaSardina
87365,Neehman
106117,drzemu
23732,penwryte
33391,filthyapricot
85567,DudeImHonestlySad
76669,bqureshi103
28658,Throwawaylordturd
34252,Eshkiodo95
80280,RubysMagic
408,boogaloo10
87845,Plokplokplo
70771,Blackcrow1313
28417,soviet_asshole
16906,loopeylisie
127989,Fancyfatale
77856,AJSKFAQ
74353,ABITCHYBUTCH
26492,bookcaseboss
68343,RubyTheDrake
120991,adriajuardy
30624,borderlinemo
106208,[deleted]
9220,angels_forever
123289,-lildomain
53043,wojtekthegoat
14624,Hankflax
19791,Cyanthrax
94072,Zip-lock128
89389,OttoTheAndalusian
43919,IronMyr
35512,stranger38
72099,defiborsel
81757,huycuong0303
115734,baloogawhale59
52309,tripnotic011
103392,minecraft-girlfriend
79358,skaoixcuw
15198,DirtiestSpider1
109620,pooltoy3000
23887,teaganrice
77173,borderlinemo
89803,redGrassMoose
40922,Useless_Throwaway992
78058,Pxjr
91021,swegway69
98151,ra1n1ng1ns1de
63193,throwaway9090h
91104,Xenapher
14016,doojdoojdoo
105546,imuncreative_
45778,Disappointed4Ever
94329,suicidalhelpme
14798,inevitableending33
96316,not-the-usual-stoner
87861,alvinlau123
61433,sad_ass
84578,celestialGnome
35341,therandomfly
17208,Hayclair
30163,RockerChik94
70301,Azzurra_LeaMonde
15558,Tamari080
113621,deathinjune95
46900,throwawayworried27
27068,cantbanme69
921,Bigarettes
91583,overitlou
102505,locks2119
53313,anxiousburner
101562,UNCLESMAK
1405,Beagle_goat
95586,g0ldwaite
30877,GoodStalker
107912,sick_person29
117723,ShawnOfTheDread
87622,Tekozwide
67121,MsStapler
2447,marsh55555
41794,impeccablemix
77556,ui9rjhf9ujfjdhm
81517,khw777
47091,XenosyncReddit
21493,Glamster8
56440,nothuman-exe
93085,Mahtab55
32026,EnigmaTSP
45451,throwaway7385783
64392,pleasesnapme
137500,cringehead
122857,His_Whiskey_Glass
2531,Skajajkanajq
116789,itsmaluu
102583,JustJelmer
80766,krikeu
100413,123456789plop
130905,some-kind-of-rescue
36931,Gabe_Newell_pornhub
57067,dimeforyourthoughts
87575,FrankieTheFreak
114469,Windfalls
62124,Taylina
133721,Waste-Manufacturer
80336,trust__no__1
136928,MixTrixD
123474,WhatAShame2277
52058,zCozzy
117787,walkingent
39178,shinytrina
123695,Kiroronated
14411,lanahbanana
17341,Johtaroboba
59497,HersheyBar
9175,PotentialPanda3
68615,PotatoSauce13
106567,thunderblade19
65776,NorEasterChaser28
31950,AnnoyingAzathoth
70808,llamas6
7557,metaphoricallyjonah
42289,teamrocketpop
38475,I_Am_Big_Jimmy
42584,wonzep115
138550,SilentPost3
78107,Blear25
122690,throwaway739272222
126328,vintologi_se
89121,Intrestingpiglet
62209,Hasky620
125644,whatacl0wn
112750,OhNoMelon313
133060,Jishh1
127709,sighkillme
28717,pixelated_dreamer
27025,throwawayacc-maddy
135014,Dr_Rhodium
60184,MrPink429
65178,JustPoint
60377,OptionsguyFRM
119191,Sneakygurluwu
133927,dalph64
113814,wisqrg50
108170,[deleted]
93602,AriRoars89
137376,futuredoctor96
130719,navymikai
137266,MilesTheCool
120885,nonono202
61321,awkward_seawaffle
38183,Spiritemmmn
122376,megvor
119543,LittleEurope
10289,susboy29
12850,Slimeytea
37902,S00d0ne
119835,CestLaVie1989
74153,elziion
113242,SausageSlam
15708,Unnamed-Visitor
50675,Dolan3D3
80427,phoenixfeather88
87038,The-ReTaRdEd-DoLpHiN
19464,handsybetty
16831,kira-riaexx
124462,nhilistintentions
86217,glandhf
138504,Who_Is_JohnGalt_2
1426,carina762
123830,17frees
65546,undercovershrew
31124,depressivesunrays
79294,sweetie8505
101595,flamingdirtbag
103026,peculiarnoise
4256,elxrmusic
6258,Mysterado
2123,PusheenPumpernickle
130824,JohmasWitness
89910,Cisntt
14719,AreYouHelpingMate
9824,HoejackWhoresman
93612,Redditor-N69
30693,throwaway83822929
120532,95chelsea
36915,ConflictedCop93
45398,momoneymoburritoes
62004,macedalic11
2164,Ars_Nowing
73756,Betweengreen
76812,Sarcasaminc
118384,30_03
86545,sadasfuckthrowawayy
22769,Hyruletimeparadox
86161,RedWhiteBlacknBlue
83074,NuHaus1stReditAcount
51120,double_suicidio
134950,EbicGamer21
63849,myownreddit88
45421,throwawayacc12345689
97788,brianthe420king
129534,Tums-Festival
123966,readytogonow0
111853,ThrowAanon
113226,yeetmyarmsbaby
61123,throawaygd77
59997,throaway1515
14776,dyingtolive21
92198,mediocrelexy
118994,upanddown88
73389,xemotrashpanda
130478,amayawa
101597,forrestfaeriee
99889,failureinthemaking1
47460,DecafGrizzly
106704,Skullkiid_
17856,Macsilver18
124373,blakewhitlow09
14569,ohitsjanielle
18883,Fried-Penguin
126243,Knives__Out
70888,theerowantree
79029,2dayisntreal
62168,debbyy_48
58016,throwaway9043188
120933,RedKingdom93
129986,nowandthenoldfriend
62884,Michealbrown1984
75173,Just_fucking_tired
99965,sociooutcast
64353,heidiloux
63685,ian141
106569,-NinJane-
105590,Akinyx
90448,throwaway7699075
128906,mysteryman28
86603,Shifter01982
39324,LazarBeamAteMyBeans
108671,[deleted]
16519,Skyleena101
47022,TheAfterLifeeee
73175,wuttholol
47718,nzgvfh
49912,TAA2442
61340,throw24243
71419,Arbodium
61042,7ammy30
116994,bagdjebeuxkdw
44111,anonymous_user_3849
92357,5ft7pileoftrash
116098,U_L_C_P
104919,iamconfusedta
33723,ghostofalaska
56437,imleavingtoday72819
113608,throwawayaitaaaa
61705,17AK92ID
57276,xxpyrosoldierxx
120347,ovrprotectiveunicorn
64356,ReturnThroughTheVeil
106095,Can-it-be-over-yet
49311,04dec2019
88297,BostonEMSthrowaway
84618,Ummmyeeppp
111495,stickitinmyassplease
18574,jam_crisis
109133,3ante
76252,kai_okami
93382,UNCLESMAK
3771,4655434b594f55
89263,unfamiliarname
33523,Reilluminated
75430,RightAboutTriangles
49352,Spiritemmmn
61751,coal_1nafryingpan
53216,thekingfisher90
10175,opressedbutter
54758,hubbabubbasnake
3201,life_sucksrn
17440,societyugh
47039,krk737
6028,murmurationis
93542,King_Bean031
22219,rich_random_guy
126777,ramborivers
74180,Plmokn113
117369,portuguesetarts
22189,LateClassroom3
137168,Mako_STi
33459,bhuckleby87
34334,WorstThingIsMe
80161,Genderflux-Capacitor
34382,realityisgone
114988,same-kittykat69
18557,Sperekek
85243,defectiveworthless
94480,hthill420
32362,Virtual_Champion
123432,mixer-elixir
40959,markyp1234
100589,advicer1111
106365,Alligator4133
21395,allbanana
128640,Frankenfooter82
31212,Nikylebisnath
20540,lovirks
44162,explsionsinthesky
126098,idontknow204317
36078,1717secret
73585,1_am_lost
46822,notsure_really
24881,brunovonpuppendorf
112228,ilovesoggyfritopie
85283,twistedteacunt
46661,Zee160
15826,TzHeHe
114427,memeaste
67495,Scary_Pasta
44320,Raesand
65733,VariousMud2
20432,Sorikai13
121916,Zunoko
22179,thakooshlymahn
51123,AfterBurnersApplied
135514,FlamingHotPanda
61005,mytruelove007
38500,StubzFlippant
116511,saviour_of_humanaty
71534,Miloklaas
43161,atlantmint
89504,-thescarleteyes
84903,radioana
67894,Nelucta
61613,evyoz
4413,DarkestDark2134
105805,Triforzee
96297,dumbshit1999
74528,Imgoinginsanebitch
5060,annie_M4E
131796,gatheringmushrooms
29257,girlin530
102190,11223456789ten
106710,Coyotea-
39274,25shrmUtopia_ld
73341,shauntless
27646,MacDaddyTheo
11497,sylas69
17306,Macsilver18
14449,hg14
53452,undergroundman646
133184,shishkab
21955,bigfckincheesegrater
127205,helpimonly12
52136,Nafenzer
133405,Scrubzilla6000
131204,wpmatt44
17796,MrP4557
86435,nurseandmeddoctor
56067,the-coolest-loser
97298,BenderIsGreat8
87973,lighthasbroken
63978,MrMiscommunicationz
133197,cosmicfreeway
11118,3ndMySuffering
57358,throwaway7277aaaa
90538,Alex10288
73430,InfamousIndigo
94696,Draccx
97047,throwawaytimeyayyy
120691,hurting18
71723,Madbettalady
110948,throwaway2888292
119558,CurlyWTF
112322,cobfort
66141,HowIFeel7
102636,bestenby
120348,Who_Is_JohnGalt_2
92366,noxcentral
1595,gmcclue
5609,ForgottenHopeless
10644,Ars_Nowing
24708,SkepticalFurry
34856,UnfilteredConfusion
60769,anonymousfox_95
61557,nat0217
21565,FatherFondle420
48051,somenerd_
123150,throwawayphil2234
120755,Stuckinmyhead94
103969,fromaustt
119739,Who_Is_JohnGalt_2
73180,mr_mojo773
105223,theskinunderneath
72998,lrosenberg101
79412,TheSalmon0fKnowledge
52805,CocoGrasshopper
65554,Cobalt_Asure
83188,blueshark972
109204,Schortilege
65755,EeusTopher
124007,reddituser2793
10034,Mr_Gun209
91745,madhvii
68136,Sulfer-X
90088,Thorn_in_a_Hedgemaze
89470,AetherGopher
16379,mike_the_magnificent
101578,XxEleanoraXx
42539,tujuggernaut
121189,Throwaway_0013_
107436,nigosss
24176,Elunija
84357,RoseTintedEverything
40256,sad_ass
11508,justanotherloser-
67911,AlarmingClock
51344,Fractulz
61708,AjaxAnon2381
32115,farewell1947
64734,SailingFailure
78338,cordycutty1
115253,throwaway858202
59449,hawk239
75445,EndontheDayofFools
114843,forestgreen19
32219,WantToDie05
107277,mochi-strawberry
20168,3xmd
92174,afay5s
133868,ZackeryAustin
105752,Chise-
40958,lenny128549
105595,pistathecat
101405,SumTingIsVaryWong
28743,2012-xbox-memes
74319,SunnyfuckingSucc
81878,auntydanny
29224,MrGingi
76185,hasleruegsau
72302,readytodie68
85826,Adesire
104984,TarHeels1998
46974,lllshizmizlll
16360,Pregoisthebest
75293,juber86
79313,Salobros
130009,hheavyhearted
59302,Yaboymarvo
78888,Death_over_everythin
32734,randomfatkid11
2592,ohfredi
46321,futuregreatwolverine
62025,AltaD71
64157,helloimdyinginside
22220,angeligon
43856,Grantapus1
96063,TodayImALittleThor
73354,memoryserum
108314,throwaway14114114141
34230,NIGGERSrstillBROKE
29643,BonitaSelena
13811,GooseyMay
47265,Cloudy_WenWen
123606,cinnamonpoptartfan
44917,Silverbirdsong
58556,kimchi_ricecel
14565,-Necros-
107647,PeteL420
83974,UTDstudent1234
34628,dragoniata
84384,lAvenie
135878,Throwaway444820
94712,Girafesarefab
120346,eltornadoo
81617,ameN_ameN_ameN
36399,xSushy
127800,anxiously_depressed_
15734,Hayclair
42090,MrDeadMeme
103760,r0ttensouls
41468,lawstudent300
73209,SoulKingTrex
118378,Nomad_Lost_In_Time
6262,Farewell_j
47347,irishpubgaming
102665,FrankOrwell
60832,HYshoulddie
865,frankchen1111
95457,CarsonAnaDaily
137591,Crimson_Scot
47957,yourturnAJ
37847,LeftMusician
113555,Mr-You
40366,fake04217
8173,NIBsab
69017,mylastbraincellalive
18275,arte67
135064,WrongTime01
118779,fuckthis009
74854,Appreciations
55405,PlaneBlacksmith3
62922,hannerti
108994,[deleted]
121720,Windmillion
64312,jrktk421
130552,wldorf
28936,Killawatts24
114885,Wandering_Potato95
64615,GoodStalker
19115,polisciprincess_
127269,T0mReddit
14805,EZ-E25
134972,Limpthon
42237,Throwaway1988342
8644,HootonHearsaWhor
43177,throwaway92334897
57212,ghosted_kylo
76768,esotericspeech
118044,ohsosoxy
119210,adj_penelope
27124,zmrly
61435,TrustTheDream
139175,Matthias051519
9564,VegasLights73
119084,ilikethisgurl
9095,Onuha
119009,sugarbearxx
50560,Rainbowpearls18
115230,carmexed
57220,Science_blue
46170,waterlilyinsunlight
11659,yufferz
16685,Blussuvi
126524,Mr_BadBan
29623,iguessiliveherenow
57611,lofilady
107640,MeaninglessFester
117108,throwaway131313778
124355,PlzTakMeAway
35509,Throwaway5290210
130681,annifrank1723
74311,TrokGtheCream
62839,Strange_An0maly
78466,calamityecho
30015,Gunksrocker
5632,L_Smith
74897,Drag0nMasterL
55446,brodude4212
8408,FortuneCookieRegrets
36403,amberwolfie
82467,terefere333
9024,Odise98
31230,zxz18
73288,WhyNow19891
116177,OhCrounches
74498,-111111--
51523,Junefromearth
31949,MaverickLeader
10383,woopwoopwub
45608,liloving
38007,throwaway04180810
60571,LadyDeadDivine
17109,Mommyslittlemanlet
119388,messedupthrowaway76
77322,sheepsheepers
86731,Dracula64
63828,NoIdeaWhatToD0
32735,zozo262928
58500,teareee
28,maysavig_
99925,youngmaxwell314
15891,JeanURL
42943,SeanyD72
102918,ryan9121
74776,map000
40867,peter_parker23
25750,burner504
115577,gingertea7
102873,fj04tj3
131287,bpdchaoz
80582,cigarettesareforever
105308,Throwaway142646
23736,jonnyd92
116951,MarkuzSama
74983,siegeDusty
82785,WorthlessHuman876
46478,BurntAcid
101770,Username1110010000
33570,Science_Hippie_Chick
57488,mrvinD
2738,Macsilver18
1851,struggling-sagg
123361,DritingViolet
115805,sincity1488
82274,saiofrelief
112716,InternalChard
118058,DR-DDD
87643,7daystogo
56482,its-n-iko
22416,zerohopeanywhere
13895,dreampsykki
24142,Infectedthrowaway123
92870,gvbfvhjihgecgg55
39034,GamingLikeAKing
118752,melissaferusa
43666,harmonies-and-hymns
50482,confessionscatfish
6755,hairtothethrown
131772,Notmeforsure999
18456,brownpapercondoms
103346,A-Rad-Scorpion
44469,imoutthishsi
109769,SirJackyNapier
12525,Obvious-Torch
28550,BrandonFlandon
94670,Melchior94
4638,tammy1994
1987,descendingbronzedove
98676,s-t-a-r-s-o-u-l
53776,Shelly_Dranchwood
97698,justmakingsure_throw
3019,Loom941
116681,throwaway742695123
53193,landsharkbear
4335,depresseddreamer
103100,unspokenecho
85228,Zewiiz
83120,Throwaway149479571
6948,heinukun
30620,literalmonstersrsly
15933,ExE6
8717,Ilikegiraffes1
74293,s44ds
63229,PerfectSoldier085
34591,deprived31
47826,77Amir77
22513,doloresh4ze
1562,Idk5756
131102,draveniscute
115355,ISuckAtNames22
90077,lessnowfall3
15324,witchofthewoods89
130237,Returdedphoenixmorph
114863,Throwoutawaynow
51098,nightRider979
69899,throwayouknow
43996,ice_cream_muncher
48478,-BPet-
119614,CovertGamesINC
73286,Mystik-Palace
112163,Weldinglilpeep
137585,El_pollo_loco_33
14747,Perrarian
21086,kirelred
63138,tempuserthrowaway5
60990,awful256
4099,SanjeethRao
104832,Jugheadjonesnz
16672,Jlmaples
83785,SweetAngelicStarlet
128504,KamoshidaMan
124552,ReturnToBmx
107086,MahFuckinDoriros
131806,CGM2004
40462,originalsand
118951,SophisticatedMilk_
129438,IamNewInHere27
101736,cannolimarroli
56608,MugMugMugMugMug
68737,aml7329
58327,whotfcarestbfh
68655,enervate_to_kill
13180,MallerdLew
53378,Vista101
43329,LifeisaCatbox
113687,Teifi_Volleyball
21974,AtaraxiaNeurotica
77457,Zarbi92
65880,F1leX
42925,contactostomo
99500,Crummyplac3
73056,imgonnadieyoung-
111549,GrillMyBeef
43070,throwawayaccount4625
9331,lizwiththedreads
87778,loserfatass
13852,QueenVamp666
80549,BossaNoSe-
54655,KingGeedorah117
33095,kuraizo
84314,Slaight144
1159,Throwaway982358
50076,Pristine_Preference
67696,lemonsncats
68007,gleaminggonzo
108968,roz303
53675,tryintobeagoodman
88520,FrankWest21CP
3875,EscapeToFreedom
123874,baljeet101
24901,throwaway37373831
67950,mau5_head12
15517,Vincent_Van_Ghost
54648,throwawayanonymous90
25895,iwillthrowawayu
135165,Hatunai
92525,kyloloren
42382,havemercyok
56050,ThoseRedditBoys
129517,york443
120589,toasterbath4100
35088,lucifersnature
84102,Zagdav
28027,oliverlambreghts
110223,Queenscrxwn
128894,Bbwmessiah
121233,EffingLeftovers
85488,Lauren318008
106608,mycupofteaorno
138563,ns18313118
31262,Dizzedray
20699,DylanTheFox
112280,Glass_roses
36747,adam12341234
17554,sunflowerxx09
65577,uwuegirluwu
4924,saltybread18
79405,falsefalsetto_
125261,herdsern881726
4373,Grayffin
89917,Qvevq
67534,MeaninglessFester
16792,cvrdinal
42407,DX_Jakey
36431,MPHFPro3000
79486,a_nobody_in_hell
51417,throwback2trash
29152,L1ttl3Lun4
118336,aegwaweage241
84281,jkyjkyskr
72750,lilsandro
73517,stangergirl6
95215,hotdogwonder2
92327,senpaisix
89885,IneedADVICESokey
15275,Xerkie
84193,spiritshacklebob
28480,LSSJDogz
35760,Almostover01
105687,zombikill33
13706,modestbaseball
123573,beginningoverdose
4935,Jim-Dread
108723,[deleted]
29154,telloleyell
122355,KesVanLo
50073,andrewhooveman2
22932,lxyxs
128869,Metalworks13
56409,PrincessNiah
47346,iwanttodie_7
51559,KirumiIsFedUp
20426,mike_the_magnificent
68440,Tuskact41996
21055,No_Leaf_Clover1994
29521,Pineapplebuttplug
67979,GreySprite
1519,ANONISMYNAMESORRY
49373,andaonetwothreefour
28484,INeedHelp-throw
92988,THE_SLAVINATOR_BLIN
104304,DrakenJosh98
91646,LMichaelM
65724,LeoGalleguillos
16974,CutePandu
88685,Rugved777
131730,Milx148
15381,lizzie_bee_
120580,mokai111
68918,throwaway094282
33947,therealspiderman43
48620,throwawayhuman13
106439,-NinJane-
61039,ConcreteAngel15
79418,YouWontFindThisOne
94018,Taipie101
127321,GingerPeasant
119038,throwaway16670
50464,hmmmmmmmmughh
874,ThatsFakeMan
71283,tial8509
120865,Difficult-Bat
39726,SCJ27
30176,ametnok
103019,Comprehensive-Wrap
70809,thedot-1
49581,boywiththeloftbed
108058,alaaaaaaaaaaaan
106109,MsBMorpho
124928,AnotherTrowaway12
67708,brotonius
110522,Sta_rlord
60087,deadwingsdeadwingsde
131298,kingdomcome258
125436,Jisatsu_0403
70650,bigfattycock
32220,KarmaIsTheRealDeal
32854,Lutisse
74457,chamomilegirl22
114920,weedwench69
69944,Cartiie
71466,bullet981
96920,huntfiona357
96142,sumd00dfromSweden
26426,MtgR0uge
27235,thatnoiseinrezero
131001,Aritoko
80373,Svargify
19383,SamBeeTee
88694,Bewbslover
80880,Anchulssian
63039,Sue-uh-side-all
104146,souththroaway
82872,Mattwhalen
77121,nerdydumbhoe
107003,throwaway566888
117637,indyferret
108891,King_Papa_Sausage
110745,tr_ash_
119411,DEAD_NEXUS
118205,Redemption_2002
13801,yeet-yote
96119,halibuddy
46893,FacelessGolem
55684,wrthwrdsmr
117177,roudatar
75529,laziestasian
126286,alxbon
135868,endmysoul
126440,archangelsidekick
27485,SASH11G
23707,momomaud
66245,ahhx1993
73322,tinnytipmicah
47668,MeinKleinesHerz
108297,basicallyaperson
3088,ah-ha-2
135511,CoronaBoyOk
23604,208712314
101481,MrMrFitzwilliamDarcy
65182,I_want_eternal_death
112617,Drexnorth
83083,DOLBYZ
86557,JohnJohnson3698
36874,ChamaedoreaElegans
91861,Wangleson
115423,kindofabadperson223
111777,ThatKidEric
14498,joseph252526
85349,9818vic
33729,lcheoyrophb
78037,kkkuebikooo
82363,Sasa2110
75549,Meowie42
72810,ConfusedAfraid1
14945,thejoyfromsorrow
27507,EastDig3
67540,aubry0193829
94046,Tekozwide
59808,04dec2019
84949,hhhhuuuuu126
113584,RGB_0-0-0
12872,crunchy_napkin56
96804,ClosetedStraightFox
74442,where_my_serotonin
80787,soupofbeef
50411,deadbymidaugust
111273,WHOOPDEFUCKINGDO
41157,melon49
104028,rhrowaway56788
38565,Merlins_Gold_Bar
40388,admiringgraser
86623,rather-beasquid
95297,triperr30
87580,Holrofl
3794,Guiltg
138325,spaghettiash
50272,anotherguyoverthere
26546,borked81
115548,hopelessromantic_99
29212,rachel_m_smith1999
45914,eml312
38316,thegoldengarden
24834,KarakitIshtari
136935,sacrilegiouslingling
58916,justhatinlife
44215,Al1258
24311,Kuiper08
74078,ShitIamBadAtLife
53714,IVIRolodan
57788,IAmParliament
94472,annonymous039
128268,LocalPeanutVendor
82223,alexandre_the_great_
34859,ligmaicecream
86472,Mr_Leon_Spain
112679,throaway8297338
26860,suicidal-fuck
17219,Xiziro
124163,LetMeGetALifePlease
39215,PotatowitheyesxD
51381,gspwags
76916,arrow12b
121019,MinimarRE
86741,edmundolee
5647,greensweet
9585,TheSavagePatchKid
100319,Euphoric-Thanks
630,-ravioli-formuoli-
57991,dflkgjfdgj1010
62485,i-like-eboys-15
88850,throwawaythesedays55
121743,00LiU000
49164,CryingZy
132422,questionmypresence
111234,Iota_Lambda
138010,iitzguardian
125754,DeeDooDaniel
45579,Anonymousbx
130802,Kafalitik
48778,_whatsmyusername_24
53864,rosemilkshake
81300,blartledorf
109608,Rainyday_Coffee
15777,human356
68566,genericusername359
12321,vibridropp
14452,Rainbow6SiegeCreator
44793,lifefailchick
87077,blockbustanut
12393,OriginalTrek
135517,paimapi
124388,018210
16380,Heraclesofzeus
130850,anonymous_11221963
96138,managerofsc
86320,mushdust
138930,yearsofabuse
21688,brentbowling
36977,plssendbobs
86589,inthearmsoftheangels
118905,StuChenko
54631,Iwantbefree
1312,Coffle
118348,RegicidalReginald
68836,bitis_gabonica
7602,throwwaysuicideboy
72592,iwanttodie_7
65065,Ithinkimdone_01
103390,disredditpose
66406,mysoultired
134350,SuicidalTrapped
105428,goneawayyy
81931,wingedsushi_
103543,emmmily20
103123,throwawayacc3489
60925,TheCudders
96013,Pallid-life
26058,GeneticSelection
27627,slovens
109174,vanfullofpunx
124799,HannahsAnime
31292,long_past_expiration
32028,stalker_of_cats
3867,NSFWPONGPONG
299,sigga-yr
134353,MadWhirl3369
79193,RopeOrCope10
72624,dillyduff
108428,[deleted]
54246,BlackKnlght11
117093,melancholyandblithe
106120,emptyursus
99923,Otheraccountt17
38361,Flaming_Sunroom
127471,annnnnoooonnnnnnn92
94208,Raventek
110385,NID0RIN0
73095,Joyngshuyee
16329,Odd_Sell
116647,poopydiaperlollll
104131,ohitsfinedontworry
66115,RickRemender
9218,kcx829
89619,Khroneq
9077,girlsika
85631,deadgurl01
120423,Givingup2017
49640,Yowhatsup22
82487,Dr_Mantis-Shrimp_PhD
138538,TheGullsHaveBeaks
27885,batman8121
76401,rainhider
10206,lifesucks1234567890
42320,idontknowanymore1346
108975,throwawayacount0210
25384,StrangelyThrownAway
110322,okbrazil
107631,arosee99
19541,M-T18
2897,delicious_water
126218,kamaksksnsnenansenwn
30631,tippedthescaffold
113117,lajap
31901,uuser100
44582,dweebmode
82438,AdrianMatthew
13429,theused1one
124425,throwaway664828
131924,CookieTheCorporal
3594,AnonymousPasta
58530,organicpaints
107102,thelemabelow
55648,HeyDemonsItsYaGirl
113402,Fuckub1tch
52048,lajap
75591,2badtox
71950,ImSorryItWasMe
11058,rbwoy
120523,mchs37993
42061,IIWAGMNWBNicholas
129383,asongcalledcydonia
42038,nokia621
35174,notadoctor-shhh
87747,djeuxhdks8dj
113646,loverstiff89
51825,nakedview
111531,_up_and_get_me
112371,curlyfries1208
122781,3-3-3-3-3-3-3-3-3
88117,thisisamajordisaster
10548,Clover848
26330,truleota
131963,DarkLordTyler
132190,bbbbbbdda
135295,sleep_who_
100726,newday673
104587,throwaway12837812
111765,sawyerboobs69
23940,jesuschristreddit208
131050,fhjgghi
34627,snorphy
112078,tahsina98
1063,isavvi
927,Awayathrone
78460,adulspood
68960,teddyboy1180
131420,ChemicalEmilyBoo
77095,suicidalshrink
124684,byssan
111238,saltypotato115
54133,Jennie9855
18197,nova149
130687,polycephalie
115456,chamberofsadness
1976,AgentDennis
86730,Bradathon-Nu
53679,ExtremeEquipment
37775,Jlzbean
9212,injuredpoet53
92179,freemefromthishell_
99769,McDunkerson
104401,XxTheCrowXx
129190,disredditpose
110691,SmellyCoconuts
95988,user_name_4
49060,needsomeadviceplz24
132557,fuckyou38383
101691,suicidal_french_fry
45222,notdeadyetcowboy
129367,Irishrocker13
13366,Schauma7
111763,catocorn11
15692,izzykim
22580,Aiden_Logannn
427,atmoje
16445,iChoosePornhub
107424,KioboiOO
42379,iama_or_something
129506,BigSadHours666
83762,eyeeyecaptainn
73265,rl3245
116734,Danb258
36571,xSushy
132085,cloudy_gaze
95421,Starv2345
52573,KassandraSavage
101733,Wangleson
72603,mvmatt605
105337,kindahappy22
117875,Outofmytree28
30948,BlazingSinigang
48941,SheepInTheSnow
119218,SSK8SLIMEE
105238,BloodFishGod
59702,kittyjr99
124225,Lifeiscruel-
122746,____Idontknow_____
38603,Rookie385
95553,Katoii
53087,mxxn-lite
74557,shelbystlr20
52777,once_upon_anime
52343,lovingMercy
103649,MundanePerformance2
84156,freemefromthishell_
98748,throwawayadviice
3545,dankfremont
88033,Damn_you_Asn40Asp
137487,throwaway98714
35532,TaediumVitaeAeternum
60028,rising_raptor
135942,Iryanie
76512,passioncannotrule
130613,uncomfortabledisgust
124351,Emmolito
36030,TheREALbalrog6
87439,hamzanation
31163,onelastTime21
110649,c00lthrowaway
117936,pleasejustkillmelol
69764,AdvancedAd6
45311,happyvalentine6
53618,Katdroyd
102242,TotallyNotaHen
88704,Hoganprime
96710,JohnJohnson3698
61352,Kenielf
66375,throwaway20190806
127741,BigBoom-R
116766,HappyCakeDayy
133393,plumtreezy
116902,softmelodii
34754,throwawayanxietyss
91881,BeetBeetsThrowaway
21666,Gamerjock927
125347,throwRAcardcaptor
58597,suicidalplayboy
30368,MeaksmacK
75040,svetlana__volkova
63913,wwww3339
89496,groovietimes
75315,stressedbeneficiary
103631,wastingthedawn
1065,NarrowInterest
39871,Joseph_B24
43730,FucKy0uB1tch
112717,hey_fuckhead
32398,SparksAndMeat
97775,sadbitch1406
46789,Raptor450
100357,doctorchivago
96633,thafeelsman
28166,MrWortex
15435,Nicknackpattycat
138480,iceflwr
54643,bookDJnr1
86772,Dial911ICE
6877,cupidstuntt
134784,Throwawahdjsjfjd
97760,Quenald_
51626,Half_a_halfling
72667,chilled3
38202,Funky_Mayo
85181,salvationseeker
124037,yeet420696969
104666,alwaysrelapsing17
91272,Der-Sofakiller
76856,ainsliecollins
63835,M1st4ken
61055,tjthewho
74648,AcidToast94
80038,iamdream
109023,kluiejin
121512,bathaddict1
16536,not_aishwarya
20598,pumpkinwafflemeow
109721,m00nleter
9299,GoldRequiem
85742,janfow457
108216,IvInMyArm
115797,sugarbearxx
130551,claryt1
124384,astervirgo
32392,Paco0454
9319,centipede_soul
101672,Smart-Cake
78332,throooowayyyy12345
72904,LoveEliza
50947,goldendrown
94324,maxs-meme-indastry
57665,j_g04
5589,justausername72
95159,edieboooooo
138172,BigPete543
83475,throwmeaway_1801
118856,IShouldAlreadyBeDead
111861,deathlydoll
113387,Overweight_trout
89108,anananymousaccount
23870,quantum_wang
100927,jac962
130688,Tums-Festival
30074,ApprehensiveClassic
135762,AverageAmerican2718
113748,Mufffinmidkey
72838,marleysapieceoftrash
10641,cakeinthecup
15079,nat-urall
31744,JustinVincent
56032,SelfHealingDumpster
63197,fuckthisshit99999
12144,theused1one
11710,KaffeeKaethe
96956,baljeet101
28269,throwawaygirlsacct
14058,LizardJerky369
71960,timtamthebest
106755,ImperialisticGoose
109776,brusmark
123586,Jefvv
64955,CBarrett121
127592,ShadowsTrance
106348,AgreeableNobody5
136282,Jnet27
115863,cwwi
99399,livein-chaos
1986,Retroskeet_V2
78507,dayarama
63781,Zuon94
116357,reald3threin
133569,Die_Rivier
37579,Spiritemmmn
41129,whatdoyoudowhenwe
43277,-shadowplay-
132908,djzero444
132682,meh_idontknow
89880,ltheron
119814,TheDisneyDork
53903,elacmch
45272,throwawaysadgf02
98025,saucybluetowelz
32302,kari002
35377,methylphenidate1
83808,lonelyandstruggling
135964,letterthrowaway223
29788,sneekapeakfreak
34445,051115blank
23408,venuzbarz
84916,notZ987
9617,itsovernow14
135199,throwawayacct98789
31757,iykagome
89153,metal-face-terrorist
29578,heisntlikeothergirls
68420,scaredofflowers
113163,Mr_Suicidal_209
113396,jasminegb
93490,braiibunny
18994,gothicapples
6683,cinematicstarlet
5015,w1th_t33th
93950,FagLord710
98623,yeeee37273
129502,Geomaster53
86719,catladyKT
44146,blindfromabove
109269,DownvotingSpoilers
69594,ScarlettLLetter
62920,TPAZZ
111810,NikaTheDreamer
69284,OtterSupport
122143,Tiny_cock_midget
101874,assaholix
111207,WilfredoVelludo
129479,cryptidkitten
99029,xjustanothersadloser
17963,doX5on
43176,shoot_me_first_im_11
37722,username7686
62558,me-n-slater
51947,Cheblao
68016,heynowthatsfine
22283,Nipplenopple666
59051,idontheartstarwars
111576,Um_hi_yes
31070,4L4SK4N
118302,lychee-soda
127315,Fast_Flamingo
39395,asderyy
83270,stonesandswords
44434,AsleepGovernment0
31125,Siennosaurus
80119,M1st4ken
71694,hastur3232
80243,Mama_Peachees
15698,DonkeySkinn
132821,imahoeforgeese
4348,squintinghamlet
123868,jannneke
72854,adfa2020
90045,sadweegoldfish
14618,mira1834
243,thorthrowrha
23933,throwawaypain90
127505,littlepisuke
118963,CowInWorld67
131294,ImperialisticGoose
89052,IBCBLACKCHERRY
40628,birbcake
108405,Silvio_Manuel
106115,AnonBreadEater
69641,randomreddituser748
58411,Insert_Alias_Heree
82968,narguileh
92708,whispering-kettle
109356,eddybug23
129027,ThatBoiSunther
129486,Wintershadow2008
96684,dumbasslibra
43564,pinewoodssnake
96279,Californiacarguy19
22886,RaincloudPoet
70657,Fartlast
19161,Thakooshmahn
25430,Murglers
139383,Extreme-Welder
748,Not_the_funniest
15213,Dr_W_Breen
71919,errydayvlad
7533,ThrowawayMntlHlth
57886,Diovania
138767,PoppingWithPoppy
114151,zwecklos_
49633,Marnomaleux
44520,MyOnlyChoiceIsDeath
76912,Ashamed30
90940,Mello-Senpai
90801,Ta43568
137053,lightrum-3
57486,spacelionfgc
31321,SimplySpartans
26485,Minavara
121700,Demonbait97
47123,freckled_roses
8164,THRILLCO
36499,Mr-Kreepy
33060,VertEzx
69959,YeezyStax
59656,owopuppyowo
130357,Unstoppablemanx
131762,lil_peemis
139304,Jakewick425
52087,Slothlord28
107547,InsaneCookies21
82286,Way-Below-Average
68309,SituatedThyme
43720,suckmyfuckingass
123601,ohnobre
81800,Sibito
80765,binniebit
117887,milkywayiguana
91250,jellyssul
8575,pigeonpanic
7264,Panda_Penguin
82786,AloneInTheDark4
17668,KroolKremling
53078,mistydaydreamz
114585,Educational-Capital
41254,isapink99
135924,StephMujan
16200,xxxuire
88110,anon65221
76853,arrow12b
7251,onlyh3reformems
112980,throwthisshithhhhh
57296,meowcat68
112249,twotoppingpizza
94655,Phoebesakes
139557,YoItsMCat
65781,AmyIsDeMan
84289,heyimabronotaho
76197,MadSeason759
85684,TheBigKos
59580,rustislav
47830,mikehill30
108013,bonk-
56741,BigManReef
129543,Whisper34
118027,panaphonic8
17485,eggsgongiveittoya
35221,coquettes
74914,raveness909
127253,xAcedia91
13980,dJ_86
81853,throwawaybanhue49
116189,Dogehja
80504,Electricaljuicer
75252,eprince92
34596,DuK1T
57763,9_Z3r0
102573,amadeus2997
77932,Iwillcommit
129821,aviolincase
112848,Muted-Outcome
38320,RedwallAllratuRatbar
98723,MotherMaple
28543,hgyghhg
25768,unethicalbacon
6140,BlawkGame
31509,restlesssheep
82074,strawfox
126715,Justletgonis
6442,NegativeGlove0
56506,iwanttobesadalways
121136,Fluffykitty11
63510,astrangermaybe
51217,jajahebeb
59330,Sudadbetch
15684,thetiniestpanda
75523,armybabie
34292,sundriedteeth
11147,darkdragon8169
95941,1fall_asf
22314,IdiotWithAPhone
52681,lajap
88481,TimesGrimes
20869,SmalsyBigg
117111,[deleted]
72554,Head_Clock
23013,anonsohonest
82225,DCYHWLSTD
79312,Stuck-In-A-Hole
137466,realmuterol
15114,irrelevant_6
52956,eecbeec
78714,iwanttodie777777
31867,Lystrian_
64515,seawhut
119868,bushler
94355,p3nnygr33n
133986,ronja_adele
85347,ex3poo
120624,greentealatte7
34706,heisntlikeothergirls
53622,Cpt__Marvel
46386,throwaway200001234
80822,starrigel
103836,sharp-as-a-circle
88861,salty_rubber_duck
79160,wtfdoesitmatter666
77766,Adnres
25361,throwawayuyya
62569,throwaway564w
74355,Nexoriii123
32478,trihornedllama
100163,sadbitch1406
94097,ListeningToKidzBop
46439,Gudetamaisbae69
50602,heisntlikeothergirls
72459,Breatheher
124295,moralfrustration
35551,Reznorock7
67902,prenuproastup
64974,genericAFusername
76666,Palipa
101363,softscalp
90791,Raspy_Brazilian
20217,oldangst
54541,ArtisticPhrase
17530,peacefulexit420
7948,hddineejbe
94950,Rugved777
123015,GreatCollapse
77046,ThrowawayBackup19
30478,bitter_steel_
135130,figliodisatan
81911,vomitsmearedthighs
98660,EmotionalShip
25351,somesled
62316,quiettoast411
117958,_My_Neck_Hurts_
6486,skketched
78218,skypedy
118341,Prikker
14729,thms_rs
61924,CasperHatesYou
34930,verialie
95688,lribbonrose
68232,the-unknown-witch
137191,Missjakes
11480,DisastrousApricot1
79152,MudSnout
26541,saintpaulina
95374,anoncoco
204,throwawayway234
30454,jeremyblueboss
57936,B310W
59293,springtimecool
111663,tubesocksjunior
3935,Morganthus
29470,Fucklove7
56395,OldPayphone
137068,Hanhanc11
81065,iwanttonotlive123
100184,NathanCR13
38586,Merlins_Gold_Bar
33997,JarredFitz
122802,lactllzol
78442,-FallingPetals-
63042,San_Sanich_02
29337,bscordato1
106528,ghostbear476
120377,baka-420
124702,iwaki-rogan
465,amo9434
42605,DuckBro_20
99686,ClaesCompaen
85443,Ana_Rosa_Aguilar
37051,Sevinki
15620,deliverusfromevie
138501,mnal22
75214,69user69name69
83849,MrJonasz999
85221,blockbustanut
105521,musical_connoisseur_
129533,creyes53115
102713,goingtomissyou
133007,bbbbbbdda
128862,fulffmeetspan
107602,Jozichi
2718,throwaway557600
50651,cryitoutplease
75750,musiclistening
31168,NOT-Lil-Larson
125323,Roselei666
130922,Anonymous66642
73168,anon65221
97050,AiddyBoy
110010,Manicthegamr
110278,i-dont-speak-broke-
103896,username2J
68676,Some_Weirdo_8000
124603,izzzzzzzzzzy128
133692,JohnyThePonny
137177,anon146743
107539,weirdestpotato
43353,throwaway484938383
43290,X_VirtualHorror_X
38377,throwawaydredd
29110,devilthered
119669,Heavymetal4256
115649,te2000
102399,HaphazardHatTrick
77468,sk8er404
102879,idkwhatsgoinoneither
23385,Throwaway4206974
111224,throwawaygaymer500
132115,Alarmed-Living
110084,idk-idk-idk-idk-m
81152,howdyonedirection
110216,duckluv45
95763,Juuzou_Suzuya5
111187,heirloomlooms
132005,SolidGru50
139503,RedWhiteBlacknBlue
45541,--jyushimatsudesu
37225,fivefootmama
109923,My_venting_account_1
77403,LonelyInMich
8825,InTheWeeLittlehours
25522,Nervous_Car
95314,ReddKnight10
134885,-moeka
39875,InfernalDeath
65030,pringll
112291,balssr
68057,fearinoculummm
121866,NicooNiiii
47627,einejunepearl
56003,depressedbadperson
109099,bracteosum4
110381,throwawaydude01927
8657,leaderoftheratpack
78039,throwawayXXIII-
105168,averagedancer
129296,nttybttr
7641,Heavymetal56
4622,Reddituser1618033
17473,Blussuvi
132913,UpsetBoss
18999,goodguybf
114781,CupOfHotChocolate
49381,satans-minion
86277,ohyeah-imquitelost
88073,Coffeecake_02
23916,Yggdrasill4
27377,hauntomb
114196,MutatedAlgorithm
5134,itsnotaword
72577,inferior-to-all
31626,depressed_sprinkles
39632,Starting_Hour
24710,Superslut92
74595,salmonellapoison
49434,Dawnswallow_33
9590,lonelywhateverperson
33954,clikebacke
81618,leadfighter10
11423,tripleawwsome30
62441,BStewart14
32933,throwaway_dave777
52941,cheesesnow
46333,Betamaxcel
129441,namuamidabutsu23
21564,SamBeeTee
17048,beyondthewug
25128,REDDITMODSrNIGGERS
112086,018210
32639,Bewpadewp
139153,Omiaechan
60744,bigsludge32
109849,Luicasas
113860,schuylersisters-
7030,G3T-STUPID
56168,Depressed_Kidz
7141,throwaway328283838
66989,sadboihrs002
101336,borderliine
82150,Hetewuruis
32317,itszlaker
106540,Parastories
111597,majinbrooke
24863,my-life-is-painful
1332,jonnydavisapplesauce
109224,crybaby1577
16692,elacmch
132136,Monsieurzee
19754,WeeToddEdd
42168,dyingtolive21
3972,eeeeeeeeeeeeor
76168,anony56678
6976,BaytheDuchie
139194,lalamee7
67664,TranspiredExpiration
27664,xunicorner
94450,gocrazyig
62187,Tolerated_and_tubed
119648,TheReptilian123
119244,bigsmilesmile
66087,MagicalHatTrickMan
23654,Julian_cg_16
59647,glandhf
14144,Westornn
111444,twistyfizzypop
21692,celinat0r
37609,worthlessnothing000
18057,arsParodoxia
75131,North_Association
69961,pleasehelp-m3
19258,transsistor
1290,MihuThisIs
10374,SammayBerger
22784,throwback2trash
20173,FuzzyHorse5285
72948,CadenLucianArcher
62348,Theplan123
7136,Oedema5
80721,wasted-cooke-420
51593,jakeane123
2934,Yukikitten
83962,reapandsow918
62594,hydrocod0n
109453,InfamousCauliflower4
14513,Hayate_Immelmann_
46374,Lonely_Wallaby
117730,a_newtype_ofpressure
10726,mikedomert
39964,depressionquestionn
69621,FourMonthsLeftToLive
88019,hopester67
910,AhegaDrool
12371,ewaterge
107288,Tw1sterBlitz
42254,ItsPsychoKing
125749,XXAliASuxXX
49589,TheRealSoapy
22841,yk890319
84785,beelzebub_669
29700,JimblesNewtronbo
83530,UselessShrimp
70387,just_done_
42113,makelovetogod
85459,andtheradioplayed
100512,whatsituyya
8478,toechter-aus-elysium
50994,Idkanymour3
103550,throwsuicideaway100
138368,jfkgodlmg
105264,CL_meaningless_life
88432,itsaboutoverforme
85113,cyneadrift5
137587,unfilteredflower
8845,mcfly824
104445,tthrowawaying2
22156,balamb-resident
132188,alone-sloxth
107673,th3thr0waway0f714
57088,Rebecca1307
66254,Willkoby
126064,BatsyDarling
73292,heisntlikeothergirls
54498,Scary_Pasta
38058,Fluffeh_Panda
130958,dis-trust
6991,ThrowawayAccount5824
63636,Smichele12
101077,niji_mello
81779,konsacz202
83794,ohboyimnotfeeingood
79144,anonymousrehouse
52018,literallysubhuman
93116,ripcurlsurfergirl
311,throwawayneedadvicec
134286,Kaseymadi
1805,sparklingvagina
67266,Lizardspaghetti
24718,GreenDiamond1337
109861,catato11
67126,YouTubeBehindTheTime
15697,klmtrndhm
64812,Choclat8
25113,0vrwhelmed
33236,thatmovieguy123
8467,BubblyManufacturer6
108957,UnknownKill
111080,Late-Chemical
70622,Vaughn454
63038,sadhuman69
27109,tedstrad
117123,[deleted]
39421,nocturnalstraycat
66953,ProperMotions
135739,katesmith275
34956,suicidalperfect
14882,helllohowareu
128541,beheadedSB
79912,Grindz117
48751,17smithT
64542,MontanaKittenSighs
116410,UglyGirl9821
132800,deepfriedlemon
21453,rich_random_guy
108579,[deleted]
91178,Tristis_Puer
59908,uwu_owo_0w0
108255,Snooflu
137994,BlueBerries2
17751,pandadoodle167
41525,mnlbvk
8818,esmelaura
16008,someguyhere0
135274,MrMatchbox
66664,IHAVEAWOKEN2012
28080,teamrocketpop
133046,Connor1436
92519,InnerSeiko
102139,Vexi__
100565,Darcchocolate24
90326,Digiornopizzas
76662,fabriciaadans
3675,katkatkatherine
54784,cain910772
82963,bleboothe3rd
8013,Ajgesmanst
56821,Kyamne
45008,DeusBex
113918,Leather_Cake
37030,R1bnart
125468,Sgt_Peppers221
30665,calilover818
11864,altb9371
72596,aljnctdurerr
114637,Fluffy_Objective
137203,fr0gcodes
11301,Shenanigans614
87409,Sta_rlord
85721,random12332113423423
89834,kittyx5
35875,dy1ngal0n3isfine
36292,ayyAndrew_
75884,solarquake1337
49444,Spiritemmmn
43819,BigWang-in-yo-Thang
28766,thislineismine
14018,ImaJoek
94860,Dee_Doubleyew_TTT
37091,buckfrmrisofplantfap
95627,Hausemaster420
26677,memento_vivere23
130518,inliebe91
105528,Bonkers139
120922,CybermanFord
1165,uhhh_h_
92055,DarkestShadow81
19414,72744838
112589,Jordan_gh
25926,really-want-to-die
70259,thrwwy555555
71263,Abberation6
35723,illyyill
9500,ThrowawayAccount5824
6979,Infected356
111589,halle-lu-jah
38464,monstersndemons
63262,imsorryitried256
31446,Mat2468xk
59145,FoxOnACloud
64487,i_need_help_plsss
85919,LoneWolfe325
2845,ainttakingyerjerbs
277,lkpjho
51100,Whyareyoudoingthis12
18805,MothaFuckinSnowDay
110720,distinctaura
127236,mayberelatable
127483,1234567333ppk
69150,ChaosKnowsMyName
87960,ArticWolf12
93460,midertcup
106280,Firohejapcab
62936,throw_away819374
12418,PunnyPolace
106868,lurking_-_-_
83411,Prikker
115560,bacon_nada997
14395,NewCaliber
21052,JeanURL
132933,cannicaterpi
95587,awkwardusername
60829,AStraySnotRocket
75202,katymhh
106734,alvinlau123
31807,deafaudiophile
26245,throwfaraway1201
108616,Logan_itsky
34312,mixxync
71621,WasNotMeantToLive
105248,throwaway2o5ue9ur
137455,brocoloco3
138832,thunderthief5
56551,NoIdeaWhatToD0
107525,starvingfortruthsand
56112,nickedelic42
22954,sock_puppet_strings
96501,Hang_The_State
49344,escabean
78434,ondinemonsters
78667,foosn2s
13021,letter-box
21118,mashwillnotfly
18241,Destroy_unit_20
63808,s3x23
11320,ieatlotsofvegetables
30906,Tikkorf28
105589,donaldmacmillan
83178,really-the-worst
11845,ChihiroCherries
80545,methylphenidate1
41075,heyitclaire
20635,Kyutekyu
108031,rosemarylabianca
101270,Steven_Seagal_666
6091,ajshrthrowaway
83967,freemefromthishell_
126613,Shaourn
69575,panpizzaprincess
76874,JustARedditUser13
68486,StressedWorried36681
131920,mosaiccactus
81483,EcoRat
9157,irrelevant_6
99666,telbu1
45005,bookcaseboss
5444,jdpm1991
13808,cakeinthecup
113949,hi-starving-im-dad
99229,elmo877
72705,urban_gypsy_
1037,alicefb
66391,parksoouyung
138879,Maybe_Renee
126605,QueefChapel
46018,burtspears2
114753,ThrowMeAway666x
44381,joeracksloudpacks
50416,Often_i_am
73436,starstermoon
65225,kermetthefrog1
27852,chrysalistice
98228,ThrowAway20050211
113379,137883hi-
136637,Celestine9876
91406,ZeraX7
73801,RubbaDubNub
137914,iwanttogohome2day
104019,Lugnut420
122468,Joshzingle
60163,thearose64
20618,Mentallyilldude86
662,peaxchiie
137556,WolfInABox
99275,MinimarRE
108939,jpAtmosphere
110549,-No_-
110621,throwaway22901004
114786,LilNigToby
94991,redcandleperson
64219,-Freedomless
41624,VersumXian
93477,teenagefup
44967,Icantescapemybrain
5773,Tarnthelos
79386,66Xeno
107429,RelevantLychee
122113,Clokorello
29934,maybe-im-just-crazy
47693,pln25
61168,danerhi
58024,Comebacktryhard
17137,DrakenJosh98
85019,treeandfish
29119,vanbitch123
97236,ColdInAngmar
56892,megmayy
35927,Lunas_Howl
85423,elizabethsghost
79637,IheartCart00ns
101000,rachelliero
41587,Da_Filthy_Frank
84870,upandoutofhere
116396,R3DBaron1
72614,AlpacaRuler23
122459,PhoenixElement
12160,spirited-away-90
114043,Smb23104
102312,toomuchblood
50539,princesspuppy12
87484,oerooe
12166,user_end_now
24242,Throwaway6028482
24509,cascavalnr1
136171,umnumshebum
53590,liz2059
40677,jamesofearth3
134462,Falcoron
115266,sjy71aa
111619,hopeless71
130689,Prikker
61445,depressedside
53726,mah-noor-5
138302,15throwawayrunaway
