,Name
13110,dash_smash
70084,matshimmy96
132720,Miserable_Local_801
81198,stagnantwaterbottle
60967,terebxnks
116829,caro329
112697,floatingfairy_
46313,Empty_Black_Void
110256,katsumi907
56388,entranerd8
103590,Justaskingforanamigo
33017,throwawaymylife67
73762,MLGTruck
79993,BudhaLovesButtCheeks
88933,cantdothisanymore20
15504,sickofpullingmyteeth
136163,emptyblackhole
19799,PITNOL
95567,nothereforyourbs
79040,sheslost-control
36810,idaniellez
122338,Dzeki187
37729,MrPessimiticNihlism
133895,floofng
88788,xSeyoo
58269,Ghost_of_Online
66004,daliomoriss
125913,lets_go45
33119,PopularAgent
101196,swiggysmalls
60119,Uwksnsj
82636,EagleTheist
84708,Saucey_King
74515,roybttynexvs6
97642,Playful-Manly-Man
82513,throwaway2782726
4271,QueefOnAYogaBall
81817,dqlovesyou
79036,beyondthepattern
45524,Delzeit
3879,gunner_vin
119586,TheAeolianEffect
85281,NuclearFrostbite
45750,throw_away1043
54541,NamesRUseless
42297,sbwv09
100990,aroyalesavage
11759,XenaOfAmphipolis
40962,4fingertakedown
128196,Manifest_The-3ND-
70926,garbageknapsack
110069,Dingdongdillyworld
103489,throwawaybitch__
52925,itsmemerbear
112634,Proud-Attorney
134157,mysterious-stranger0
18335,_thrwaway_123
130327,Chaosandstars
40989,itWasGoingSoWell
19925,complex-sphere
75315,beepposting
137065,ConfusedBiromanicMF
35037,X_Gandelforth_X
136668,throwaway253200354
27230,anxious_watermelon
121238,bwooti
84004,000ness000
115613,Basic_Facts
44320,Throwaway925666
41588,azjhon
8854,Kyo_Seito
72545,holdmyipa
43737,WolfLinkMc
65515,Martinho67
89640,paperPlanes84
123819,Zander22463
89551,suraaura
9853,SlothMovement
14244,trinarockstar
74254,LuthienElentari
65926,imTheSupremeOne
95407,croissant_bro_
104177,ThrowRA-stickers88
95030,Expert-Jello
35819,0099freev2
38473,death-trap
91639,virusbun
119050,nthing_rlly_bru
62385,throeawayRGT
10352,brian890_
138914,the_hand_writer
133001,PerrySemicolon
105133,idk-a-username123
99789,sepehr13811
113074,mmonstr_muted
136,hackedbyyoutube
85632,feshty
40753,heyitsmehere7
138031,sadfucc979
12624,Ginataro
64584,Smurphy55656
74490,FlopBoyOrigins
98638,saminole5
117185,mistyeyedkatie
18408,flannelonflannel
114333,NeoChiiOen
24449,throwaway3094530
66800,Awesomexdude777
20991,Nerdialismo
183,tiredpenguin12
74840,MaterialTumbleweed0
29824,serinityflats
35698,sensitivemarinara
67872,Donkerblonker
113379,Stan0012
109675,bindycroak
14761,throwaway09809824
31383,throwaway17261516278
79877,xxxjojoboi420
91986,throwaway180805
51355,BananaLeah
138995,Ji_nuo
119017,nomorefeeeeling
101550,TheMetsDepressMe
56973,Teddywhitetiger
43793,me2224
50015,ZESTYYYYYYY7
109222,Lolipopofdoom
89079,i_go_commit_self_die
54149,imnota-feminist
1590,greendaypascalhens
133055,antisocialperson_
38419,papadod7
92193,UnenthusiastAmateur
65711,elektrossdpy9
48330,epischgamermaadchen
116853,The_oneja
65187,thedudesews
73515,ChIkEnSNuGgEtS
29577,Gustaf85
115513,iamapsychocat
36623,JustFuckinTired
55147,Klwdas
25183,doyoureadsuttercane2
45922,emmyjdt
44482,ItsAConspiracyy
25677,The-Hiphopopotamus
105748,AbdulazizUgas
119221,SnooWoofers7603
68810,heechulspetal
57980,lostcause364
1417,immadothis10
25186,yosemitebeachfish
40916,jd200010
47199,--dp_qb--
3928,polarpug
130508,pizzzzah
16244,bnasage
128390,Slitty_wrists
18871,Eisenhower44
65869,curtbobain
777,dylan_fanatic
119033,TempestPharaoh
20494,sw_throwaway79
6002,Wenaria
138368,mellowyellow053
99432,epic-pp-gamer
122488,Altruistic_Stomach10
14646,pandasniper200
66151,LeXpIp736
68629,Stinkerclinker
45609,54854254590093452443
8145,Heading4TheDumpster
102889,Educayshonal
38353,DaddyPhoenixBOI
58227,discological
31735,gonethrowaway777
65373,AnotherThrowaway1318
100795,linwiseG
48345,patheticmagnetic
3230,Tastz
134423,Blenos
73850,helio56
87003,DevrimCoup
38719,nfep
50400,IAmBananaBread
116391,camilyonnet
103261,chochothedoggy
121795,Excellent_Diamond133
37384,xCurlySlim
36597,_AnnairdA_
104901,bubbaluzer
127116,bobilly98
117837,Reasonable_Method_81
46361,OwnZacKMistake4
29950,DEATHISIMNIENT
94054,bocu-15_12
136926,DefinitionOwn115
56909,throwawayTtic
29480,PrayForaPBnJ
4834,sl0567
63862,Zombiie_Boii
47372,negativeslave
27773,Anonemousesittea
93017,little_blue_moon
139523,Average650
11917,Tempered_Realist
87624,DaddyJohn43
129340,Lithium-Ion-Battery
50353,EquivalentParsley3
32643,Anayezhvika
118703,DopeyCircle
3396,speaker262
66650,pixihawk
62696,Engine271
123925,BabyPigeon143
56056,issurv1vedby
124112,Lexardon
35564,D1N9O
48319,imasosad
4217,alonemusky
137736,Anabio91
49444,kaibby15
104256,JustCallMeMarisole
130578,We_Sink
5839,Hashtag_Octothorp
23742,_-salvatore-_
13882,_idontwannabeme_
2827,Lifeismeaningles
89895,Queen-Evergreen
65283,R2d2User
93909,skittlezthrowaway
135277,Etoile67gp
91259,Akumin
62744,incognito739302
115816,lindaluvs238
75066,coreyphoenix
91658,kencakes4242
13323,West_BiGod
33103,AllyRamos
136515,Ok_Fee2559
63857,ThrowawayF365
30849,Unknown1080
127600,misticgale
74097,Playful-Airline
41412,conf3ssionthrowaway
64968,throwaway01172020
118990,bluesky97
22053,iamtruehumangarbage
15967,UnidentifiedUser000
124272,buscemist1999
23929,keggsandeggs
107454,DSNoobtuber
70277,Nitestalker2373
44268,SilentBasis0
96801,blinscat
93515,perpetualsummer
118012,LadyLioness246
128059,emotremere
134546,DoomerBoy_97
135771,ThatGayGuy12345
65338,biggestoop
15519,ShmiddyMctitties
96671,Jazzlike_Ad_9540
16162,catrina88
128167,Unlikely_Artichoke79
1047,ImJustAGuy128
120651,Lasair86
106524,ideservetodie1001
100150,_Conquer_within
54087,samfjsmith
68009,Thebreadlovesme
116276,Jabzy44
137572,hopeful207
77576,AccomplishedTwist0
48555,bustorice
94659,Jacket0217
118274,ibzma
53969,colourlessblueideas
139556,Janina98
52554,PZ-4CO
11986,fallopianfuck
119864,thats_really_sad-_-
109666,lelxdlelowo
17022,yawaworhtthrowaway86
130554,Emergency_Two_7352
80141,AgitatedWafer1
69494,TAFthrowaway
60928,MyCrowRichard
121837,misplesl-evreyhtnig
24797,augie315
90828,luezoide
99401,seiryuusama
130004,potatocalecaleacaken
1710,Throwaway-3411
42080,MrPoPo18
67820,Bikuchi
30778,dancechloeyx
45619,Geronimoski
100142,dandyegg
81623,crystal-t-jones
98451,m3ntirinha
128582,throwaway0981237509
92781,kmc020
136166,Cerberus6524
113338,nopmo19
17557,ishtherich
91637,finnishboy666
128879,buubonator
113250,AnxiousBad48
91592,Amanitor_Zanzi
123601,mayormcnews
58091,RogueGamerFoxx
13812,Wolf3cho
124164,dandyangyy
127414,evenie17
5596,umi79
19154,NoSock1
3612,TRIGGEREDBenson
59434,3640646
14001,Goldenhouserules
120791,NobleDragon777
22402,ragtimegaal
93409,invisible_comrade
18747,Rmn89
117811,sandsandsand123
28025,Stormzx9388
102467,petal-head
57221,lol_lol123-5
68934,weeping_angel_fish
35429,elacatz
67577,WhipTA
1681,Swinging_at_Balls
131344,throwaway2554674287
73444,Throwaway03575
42091,East_Assistance
122245,surprisingcat
68729,Sorry_for_now
15676,Flubbergaster
94184,0Euphoria0
73966,livimary
61639,sardin_231
95694,CrimsonGalaxy
39074,AvaSophiaPhia
90376,Kibble_101
41466,DeleteMe1998
30004,moonphasesthesun
118655,TheLittleSubmissive
91951,iswearidontcut
123226,Dry-Sand015
81542,bruno1999999996
757,ex-plore
75275,pri_occupied
49552,surelynotlad
34457,ThatOneMistakeWasMe
21971,mr_tatertits
121501,ofieisifbw
136078,jusgghytty7
3261,beautiful18angel
110542,majordepression123
38,IfIDieThenOopsie
74779,Achrafxacy
123149,FalstaffEe
51890,SchroedingersCow
47414,SalamiMeatSword
134400,random5463throwaway
139539,wagie2020k
138843,i-was-a-ghost-once
9988,UnlovedToe
20881,bilgeratgp
74594,TheHours327
25468,BootAssMcBootFace
65029,vilemutt
20164,ScaryLook
124014,AnalConfettiLover
14662,sunzusunzusunzusunzu
9949,r8n4s8n
72985,innercaryon
128891,Silly_Drawer_5967
28914,kipsiepresto
48917,Notgreendayanymore
33522,Mergo99
118805,cephalalgic
31475,idbeclover
38242,AireeyTunes
38727,KTenacious19
43864,thrownawayagainfine
68288,i_am_suicidal
40849,_whathappensnext
109954,JellyfishWowee
53531,frickshowx
112681,pandamonk16
97392,Shadouripa
104806,magnetoismydad
86868,imsorry09
102149,Inti_Wayta
61690,moltandbickey
17146,DylanDubya
99460,ClothofLife
123072,ungubby
113985,Jayw565
21389,BBC_Three
115798,milkyxrolls
51212,FrostingNinja
130402,TriumphantPeach
138918,LocalPlague
59399,Feistygoat53
1339,LeBabaganoosh
139415,Tazzz777zzz
129462,ENDMYMISERYYY
58950,R452991
57057,ravenette716
100291,cherry_throwaway13
85988,Quak21
97157,bestrindberg
88225,skiezcriesz
38988,Dem-Cherries
9016,sadthrowaway9167
116166,notlikeinthemovies
5019,holyxhandgrenade
107761,Marquarida
98437,561719012
87678,guineapigs17
37500,BeautifulOutside4
96284,punkmilitia
128632,zuzispeedwell
74173,abyss_boy
74768,ijustwannadie18
130080,suicidethrowawaylife
129194,history_of_decay
67536,DemonSlayerV7
63927,pepextract
6676,GoWebbGo
20275,abuwu
108054,unspokentruthss
134500,bentm2
108684,kanjikin
56276,Winterfae2
115796,caesbluethoughts
119091,No-Score-6669
106556,311hellafied
12341,ragnarsnakepit
28144,MarbledFuchsia
116948,Throwaway12345696978
26442,TheJoshMaster
98502,pokenub01
97456,p0tato_face
9081,ScaryOnTheComputer
98385,UnknownNoob834
27174,Reviaty
40274,burnerquestion-123
37481,sanguinerose17
33014,bass_arcade
136101,ConfectionRare8459
80793,TommysAlwaysOk
80077,mlether
37739,apieceofrawsalmon
61733,elizabethss
39416,GeorgeDubyahKush
132910,canyoubeliebeeet
89793,catslitter
89609,nevrosedguy
16769,chersbxtch
37398,morbidandalone
122023,hockeyplayer2244
7800,Oralisthebest
78879,lizzibeth1236
75769,jplavratti
138716,lavanholi
18991,imsorryidwtl
101904,chairman95
33885,joeness8368
39641,ya-cheesy-bastard
132579,Kevin14575
55666,Toenail-Snatcher
52862,depressedPOSthrowawa
12333,bluberrytae
110773,Casterri
27254,AlarmmClock
110561,Gun_in_my_mouth_66
4801,Alternative_Pain
79007,lucyshepp005
118545,Geekerheads
104589,BoNidle
84657,tammyot83
136388,ThatOneCreepyGirl666
21720,throwaway7832389
90898,saltylavender_
32497,lostandhopeless192
113955,i-just-created-this
117916,Yailonroz
7436,The_Real_Zora
14158,toucss
6052,oookkkkkkk
17425,Severe_Swordfish
74139,Eric_shun_
23096,AlexanderAone
101342,Fuckboi_fiasco
104435,notokaythrowaway2972
133443,IWantOblivion
28056,Atariashi
89056,030117
13213,justanothersaadgirl
73779,thecatserole
91345,absurdevil
60007,crabbybopeep
56077,patroclustic
129758,Radioactivenes_1
113367,kihyunlxl
129637,tourdedance
104964,Sessjion
102239,notokay89
74932,Surfacinq
53379,throwaway1468145
103659,MsRelytxz
17047,Etay200515
16659,redoof
23380,TopKekGETBENT
101968,bpdbullshit
27567,2Gekzh
18584,MakeHerUnderstand
138544,Jun-OwO
30353,JacuzziAI
79571,writingwithmovement
16005,simplyunlucky0
102411,letmeoff88
110590,kishizee
114777,_yungdylan_
113413,athrowaway2923
27416,themightyyt
24134,HMaddog_2000
77226,oceanbanana6
120436,TWcatdied
54481,WeebMD
69305,majo6616
108097,Lone-Wolf2441
60421,gamethrowawayyeetboi
103146,AguyCalledBruno
9584,ilovedogs98
87339,Kirby______
112090,elaxation
112173,Barry-JF
105870,hitankar
13857,funkyskeleton
101059,bella2381
18932,Anon-Amigo
67362,raverswivel
61730,anonymouspersonheree
83336,ElsaKit
74238,inthebonepit
76757,d3pr4v1ty
111010,minnecrapolite
9821,191_1999
90295,Throwaway17274646
76445,PlacidInertia
120091,queenhamstar
82356,thecircumventor
138157,reet663
109264,throwaway7896541__
15751,anxiousbuffraccoon
37325,BusyEarning
138988,OneDoeshow
129468,stephan921
103528,camillegoyer
56006,TylerDurdenFight
44651,throwaway196444
71675,CuriousWebsurfer
24278,alliencea
99328,NathanInsensate
33454,FlowerHits
111297,AnOnlineStranger
50793,i_m_great
606,thedeathdealer
15930,brokenhands38
104402,Overdue4you
100461,bigTastyJR-
27338,randomperson168
84809,drcole89
77001,OrangeHornet1990
12456,lexibxo
23634,FyreFight101
134695,ummmmmmmmmmmm4
90792,xankaiju
109479,throwaway102101110
15198,giggleboxx3000
35321,silkluvr
131043,Bloodgodsorrows
31747,jdzane
131775,Dom-Sum_
114976,longlive90shiphop
99321,daniel2317
75069,wannadiebutmykids
26917,YungBabushka
34672,anusername462
110553,ApprehensiveAlgae5
124203,Oshy_softieO
78732,Doctaoctagonza
32001,thruoghaway
49456,CloudNoin
100641,pooperscooperabc124
98349,PastOmenGWB
63910,nokia331
74627,A_Recluse_86
134241,International_Mall35
47134,UgLyReDeMpTiOn
29094,sunsetsbeach
101061,sadloops
50207,ThisSearchGoesOn
1479,ka_bob
82468,thatemobitch_
3596,Loafhurst
135945,Cancerecksdee_ree
123178,Ordinary_Nobody_9694
26415,cASSpian_B
135125,Paarthynuts
98996,The_Modern_Dog
71222,DANIELYCCM
49215,_Anty_
15125,YuffieYeah
40925,Kevin_W1
57851,gothswampwitch
121572,GoDawgs1999
94343,mynewaccount9806598
113849,Spartan03232
98217,BreakfastAntelope
84523,maxmanbud
23088,phigupha
101743,islamisaparasite
25038,pornfession
42719,NEXUS20614
48241,KingOfOlympus1
87732,EpicEpic645
56340,JotaroFucksDolphins
50750,MikePinceLikeKids
68225,Character-Animator
83292,Fellay
47177,YourTransJesus
55524,StarbucksLover911
75401,Mayo_Is_Weird0-0
121061,CommanderRex3
47140,bigfootbarry
107104,Fuckmyself98
17126,saint-frankie
83549,yllikk
100369,totally_done_now
77207,MoscowChernobyl
139286,Babbling_dragon
50105,OrphanDevour
29324,writenicely
16402,Pikachue666
24490,a-duck-is-a-bird
100717,slvrlsl
132302,elden12
137420,feonms
110315,CoffinDrop609
48186,GrandSinger2
137867,notmieyedea
26285,MrsWaters
50524,chrrybxmb
122938,Iron_Monkey
50770,AlonelyATHEIST
73301,WrathfulSausage
19571,Jupiter7777
76851,MonkeySmokesKush
135526,iwantsomehugs
121987,Maleficent-Kaiba
117229,sarahmatters22
8596,pigeonWDS
89845,bzrcm
39961,Amateural
54620,idmissalot
123348,meatbeat987
4043,swaXedge
43530,iam_yoshi1
70236,Pivacy-Terms
85824,lolnoboi
111008,Seanceatdawn
41813,badagad
90322,kitkatcut
16076,thowaway11486
114210,SnooCookies4278
132807,DinahWalsh
101240,innamind
9982,Hydromorphman
32093,throwawaypills00
78274,ThisisbigJ
113031,wannathrowawaymylife
86319,Porkchopous
70047,MikeySama
128979,mongrelteeth
89867,Trailrunner171
50996,Echo_Of_Venus
78357,petuniaman
25895,jsd524
79851,throwaway061020
9993,m3dicin3
16175,Ughfrustrating
58310,Helpful-Grab
120327,thestonedbruja
43984,misskaydence_
49964,ZombieIII
130702,tennes87
46407,imadethisinspoons
139,jordanbelfort2001
137429,WilliamSprinkle
58049,WelcomeToCostcoILU
24598,Yeetawayy
54542,jordanthesir
8064,grunfox
3465,Sguss314
45422,FuriousJohn99
96216,uwubuddyholly
97611,Starrieberry
112495,Deathsangel19
108896,MaximumStress
112877,throwawayac72
136090,WannaBeChuckNorris
113892,TrueRedhead1013
111701,TheUndercoverr
130198,Pinklepurr1
137004,blahblaheconomics
75104,TheBlueInkspot
73792,suitcasefullofbees
53988,Fiveamcoffee
294,surrogoat
58671,hxney-bee
57013,Dabinick710
104019,BreezyBlink
31648,daddylongdickens66
121108,TroubleEnd
59199,MasterCoder4000
95912,xzdoupsi
8122,sssssliminoff
54644,Dyllman88
80697,illearium
7665,kidneyproblems478
106850,mlkdyshldhvbnthdy
128437,throwaway691234789
85411,1917throwaway1917
136333,nvrfndme
74719,jonsie138
109116,IncessantRain
34669,succidcidel
88536,Tigger_king
110692,Kurariyon13
13549,ineedhelp168
47399,kisstartswithconsent
56087,StoptheBigFishMan
82416,starsandspidersand
68784,arellence
22744,falumgibson
26212,llx5771
104240,paaunel
110999,R1KOO
59303,Peachy-sweet-tea
123408,TTR21
6098,grap3sndche3s3
129946,goaway2626272
53714,imhbkuno
90194,stumblinggsoul
37560,twrelectronics
134817,throwaway10101314
31774,NLMBGRIMLOCK
71487,anarmichte
85929,sick_kick
129875,TheCitiz3n
40951,thrownaway341
98918,yellownes
120807,movinonout-advice
3029,StairwaytoHeaven11
133875,AnthropomorphicSloth
11101,pug94
117372,loveintheageof
104259,Hypselo
21408,NeilBarry
8744,chiffychaff
9312,dragonfruitsmoothie
114945,sudssudssuds
55960,before13th
113833,Arronh4599
113420,TheRedYougurt
44824,lostinthisworld2001
88687,not_joking611
15762,jayjacks64
137310,OxfordFuckingComma
114340,AdSensitive1402
110888,unicornturtle
53591,wtfdying
108739,Accurate_Use9317
60866,MandehM00
108024,Ollikay
37694,itsfeckingraw
30200,efffeight
70113,Solid-Snack-e
63887,They_r_North
134048,wetcherries4u
62498,Christiannan
5390,Privacy_Advocate_
54813,Canadianpath95
112623,boredgirl213_
102150,Gasnax
73514,momo236236
128684,park-rat
288,drifloonaway
67982,PickleTVGaming
86801,Sadiolept
52349,fellowshipoftheodd
14758,acbxyz
6888,Vandral007
74636,jellyducksoup
100285,darius_lim
125481,Epoidielak
53783,JayceePanda
32936,mutantbitch
32702,dillxx19
65715,cognitive_player
49162,okaymaybelater
96794,Wednesdays-child257
112525,_just_a_throw_away
128573,No_Ability5649
78236,idontwanttobeavirgin
20313,cancobifi
1408,destielbucky
1642,Tway10687
78168,Slobbydobbiesnobby
11079,Cliniqal
26453,shen1134
76774,lilfox2
36508,Fan_fliping_tastic
116127,a-real-handsome-guy
35671,DannyFoos
99281,RosesWilt
10727,DupIsGay
51882,Jebsta_LP
74771,mrcrabicus
134271,xyomu
122149,odinnlogi06
7787,Frizzlenill
56408,AnimeDid911
128523,TheTruthMorte
73242,olenah
37299,OnlyUsingthisOnce12
101274,pecansareyummy37
47110,Camdale
79729,CiriNik
18530,1PartialMartian1
21040,Yuurikaze
20894,sentientvoid
36601,Big_Black_Deck
126775,Sargentsaltycreampie
52272,voali
52454,Hashinmaster
7443,Nate300
6122,VehicleOfPain
37274,mbt44
22672,nightchanges28
117443,FearlessCoffeePanda
136948,rathalosXrathian
99863,Purple-Belt
26168,BluexKuma
130452,AffectionateHornet32
16033,Mj_134
120631,Cool_Kat102
137668,n0turfri3nd
44982,a-s-h-m-a-i-n
105911,Basun_II
31556,skullycoon
112283,Apprehensive_Pound_6
62339,irresistiblecodfish
28112,ghostytot
84471,conflictedsoul13
28417,ssesxr
94457,ICheesedMyDog
70337,chad_level_900
22523,aliman21
68614,JordanSniperWak
56029,xsony420
55580,ctbthrowaway0
44256,asmodevs
29143,RxD3K
64903,_Jedi_Master_Yoda_
121788,Machida16
26817,m3r3d1th_
63677,dumba55throwaway
66688,throwawayacc3345
105106,Katotonik
10820,This_user_name
77991,TheOnlyTrueFlame
139361,Cool-Independence-47
33690,masteryyy12
84186,anonym41115
79596,Flan7071
23174,vibe162
106942,i_am_confusions
35934,ContentPariah
10379,fuckthisimoutt
52007,zcheli
64003,ashleygetstiny718
9639,emptiedspirit
115972,wvmbologyy
102745,R3oM
1841,ckelleher16
104332,throwaway97337
27603,yourdadsfavintern
20591,Darkoveran
81857,YAHYAH74
58826,sadandbroke1191
31476,throwawayagain123443
123003,requiem516
82393,italiansteaksub
41253,P3drofile
60092,69Xthrowx_xawayX420
136876,cruzfacekillah
40695,madred62
27802,Mrcrabs666
52717,TotallyNotEThrowAway
128049,Ariel303
118476,husqywusqy
66332,DezzyGhost
115212,Jealous-Decision-420
98798,flyestnihilus
129319,scapegoat6444
8465,appleofhtaed
111637,Less_Patience6671
32944,JD87692
90136,PleaseSkeletor
105536,killcrack101
16207,whogivesasinglefuck
97639,ihavepizza___
78448,hymenbuster666
17855,WhereIsSaint14
60314,bailey9797
58567,WHATisthepointheater
128865,depressedbitgch
41806,randomryan222
970,Endieblock
112825,Stranger_bings
56901,rib_cage_ana
123271,somefuckingcutename
89450,1_Anonymous_
53205,AceBaseBaby
114848,okaykenny
69110,Its_A_Nice_Day
8117,kastkonto324
12723,WejcikCZ
56010,canIgetahellothere
411,bellabelcr
35267,hymn_to_bacchus
36392,Vrfys
113242,afreshbeginning
55800,uff3333
72205,firemixtape1
49588,a_very_borin_person
71872,Unhappyherenow
129019,vialneeder2
77128,wegotawiseguyhere
129892,mango486
93521,mikeryder0
7287,Dededededemon
124073,Imjusthereiguess101
18285,lostfriend12
64449,theoriginaltard
77084,sweetestpineapple
60985,soleyfortnite
101431,i-have-three-cats
49502,Brown_Pinneaple
126358,Throwaway1083841
20133,13-37
21721,ShunningSunshine
17203,Alt-fake-trowaway
53375,purplebeef
130890,PerpetuallyConfused_
80299,Fart--Nugget
90954,YouHaveMegaGay
59139,totallychillin
19950,xthrowawaythetrashx
88889,LazlowLord
110886,justcutdeeper
126184,ThrowawayRes
106660,throwaway73482824
61821,TheDancingElekid
25420,iwatchalotofanime
41849,itsalloveralready
121737,birdluver111
30355,Swagaw3some
33237,thiswasinevitable
60783,Ordinary-Jerry
53773,throwawayherpesbpd
90782,lookingforLTfriends
8441,DragoniteIsMyFriend
2560,sweatiest
127741,BrokenBone1
93112,whenyoubildyourhouse
102223,anotherdaygone-
117592,throwawayafterread-n
116322,pooglepants
24381,orangeleaf_
67655,Talkingtomyself45
119913,ImALesbianArtistWeeb
100094,rediceg54
114645,imbeats
74795,stringtofu
1956,I_need_to_vent44
89158,mucus_membrain
21032,LastFerret
29459,Chainz_z
32333,Hahsjsksks
107978,Maximumfabulosity
109119,Wide-Buddy-1343
77672,CounterSauce
47421,painfullyaverage
102705,Big_Luu
61799,whofckincaresaboutit
96915,giddy_d
118779,ijustwantmylifetoend
95157,shsbbsbdjdj
97187,punk-warning
27323,EvilBirb
57156,iiiooo123456
120585,lonesome__
126749,notdeep_enough
98600,hjdkucptikaomzqktd
47563,Susseroase
14280,Xyoyogod
71290,GladToHelpJKO
123846,LoliDracul59
60016,Skelogirl
53403,abcdefgaaabc
122549,dissapointment_isle
105679,ianhartless
37116,fivefoottwomelly
81827,Fuckinfmarblehornets
67528,throwaway89667
92477,Fuddoo
57693,GuardianTV
109325,Cautious_Peace_4929
94172,BrodyL_16
75235,youresorightalways
119175,an0nymousacc0unt
42827,throwaway12435623
79927,VisibleUsual2
24306,justkillmealreadyyy
42515,Tonihasnomorebalogna
6290,Alphased
127187,S3riousDud3
77645,Nocturnal_mom
29572,SomewhereNORMAL
118886,LoverVV
80607,LoneWolf5801
112839,HarshBaby
135639,thisnewyears
53849,jeefberky_69
69999,220001314
18247,qwerckz
138268,SnooDingos9161
32008,ThrowAway8416846
26388,ffrankiewaterss
132222,garland053
22803,throwaway_92103
135838,Papichurro42069
80512,SpiritOverMatterr
134960,please-no-kill
8179,lightdarkdarker
96660,chizhi1234
62294,Mr_Lapis
51461,comp4391
10087,suicidal-em
52644,hahahahafuckit
49149,NiceGuy45withapast
72629,67767568
79334,AwaitingDeathXOXO
39275,Throwaway19910719
37615,ElephantRiotXXX5
114688,n1Rhapsody
17202,fatfaceforlife
88176,dickhummer
17647,stopstophelphelpstop
7597,injectedwithacid
23359,MichaelPitt6640
87580,AlexHidanBR
94436,Rexctor
1707,siracha_ass
18400,formermormon
4500,ApothiconDesire
128683,Quiet_05
117488,throwback-thursday
87754,notanasianfemale
38111,diazen
106596,Cloudry
32719,mkdincturk
60711,KeepinItReal18
27803,avisionofllidian
32811,tinyhal
73847,SongStuckInMyHeadd
78817,jackz314
18099,EvilSanada
132744,gringodemierda
76185,_Teaffany
15496,bananamoonpies
138684,Lastdaysonhere
78984,throwaway-oh-god-pls
124398,ZaffieKitten
95101,logiebearpie
76637,shpaget
57453,SM_174
3887,Throwaawwaayy12
37533,PocketSpaceCat
111315,dove252
97200,Thrxwayccount7
81621,nanamarija
81471,MissYouBitch
138101,alvaedisonisGAY
87908,twistedtearz
39372,ApprenticeGray
85865,shesaidnoooope
82038,suicidefrog32
53444,throwaway16167197
21303,endingitall1
94399,5683542006436
54996,DomcasCZ
121016,Radiant_Bee
63626,suicidlcrazedlion
68238,El_Duderino_Brevity
108273,tabs1776
77039,wolfman42xx
108767,labelmake
19491,thewrathofcam
66343,hatt730
127659,7andup7
13083,VerlanderFan_23
13510,MissPinkiMinki
79423,ilarptopassthedays
22231,againwiththevoices
60107,Chat_Room_Jesus
35385,thesimplefrog
33833,Throing-myself-away
46375,TheRainbowLegs
92100,cancelytsupremacy20
71275,dumbstupidgirl
34797,IAbstainFromSociety
129726,UndeadSyndiLion
24163,diamond_girl200
37339,canele_
27347,Fuckdepression101
105023,RetardedTheorist
88609,Turok_is_Dead
35842,redditisaleftistutop
52913,i-didnt-want-this-
72084,clutchth5t
67977,karmaisbullshit__
8188,burneracct1637
53953,jarheadinusmc04
78153,wellinlads
56942,abigpizzapie
70684,F58d4ig5ig5if4vi
2088,amal98
82736,Tetra-76
20501,mergirla
74210,NotTheMessenger
19454,sadthrowaway9380
134696,kurt022
118017,Kaisdumbandneedshelp
17067,Sometimes_Steve
1675,UnableConfusion
15763,imsad2244
128229,ihcd1
14513,FUCKUSERNAME2
100117,bigneckgang
72247,Therandomfox
3,Alonzjk
104603,veganshouldbefilists
86545,throwaway2412433
100345,pene113
135471,ben_theloneredditer
77624,Mike69Wazowski
59228,unsocialrat
59698,Queen_LaKiefa
72982,justforthispost13
89603,dfslzcrhfcf
124615,throwaway1726384
27193,AcidCaramel
55196,ThrowAwayForaConfesh
10112,Obama-is-gon
79944,cisboii
24117,Colt_slayer
124581,blueberrychobanii
78836,axeman1069
97470,familydramanovel
12518,anon140103
126631,jmedv1965
105755,XXXClouttacion
95328,Cassquit
129048,conscience-stricken
85584,yikes-bro-that-sucks
14121,Crackedoutchicken12
110880,RepulSeer
30077,SweetAmara
28052,BadIdeaBoy13
85139,IAmDeafOK
67980,NeverForgetChainRule
55135,Vizzma
62678,selfloathing4ever
86035,Cactus_Jack_7
86638,tobeabird
83904,habanerosunset
102539,shittypcguy123
56746,Sad4Life4Me
133555,Connect_Perspective3
125038,awaythp2895
72079,jellyjellytwice
71577,honestlywhat666
105222,NewAccountCauseImSad
21283,I_KISSED_A_ROCK
135157,Mang0_butt
20572,FormalLobster
53152,Iloveshittydadjokes
114834,LexiCelestia
101784,Imaginary-Substance9
66517,PleaseGiveMeYourLove
44529,TheHauntedPotato
30884,CapcomGoodMarvelBad
83071,blaze_chimera
53751,throwaway39779379
49269,flooded_lungs_toto
124989,julieannecr
83946,Laccountnotforkarma
105607,sdaneslovs
139566,igotnoname16
71132,bebeJuan
92167,Shadowcon99
101304,Angel_Piper
71499,anonymousguy64
32750,flexguy1992
54252,ardunk
97736,coolguy4775
113355,Vanni606
15016,TheStrangeCanadian
17601,thisistheandrew
109098,JacobB2222
32321,MrsSterlingArcher
115832,Cookiemu
65556,internet-stan
124105,StLouisButtPirates
7102,Lizaderp
113124,iicocoacreamREBORN
118076,Accomplished-Big315
98220,Throwaway4suicide341
97176,localjacob
74270,RoseGarden4
117299,The_FAAAAAAAAAART
130775,Tarxon
8014,brokenerdgirl
67431,kenshin2k
113096,melancholymaniac21
115509,thealiensabductedme
138878,Extinction-Addict
135617,Interesting_Pea6980
44178,MazekaSpawn
52167,madsadchadglad
69323,CherryWhine-
97943,melshae
42578,Blagon04
82875,BPF-8
81666,Secret-Block
81084,Far-Project
75691,Maarklaar
29886,circwit
113138,thrownawayagainact
84014,Baconiousmaximus
65323,mackveg
24323,_Queenshelle
91814,AnnoyingScreeches
7802,Haircutquest
10683,WorldlyBite0
23022,CaramelFappe
121813,silentreading99
124789,robotneedsoil009
117833,Medium_Hovercraft_24
53962,aryaexperienced95
94370,Thowaway11937
10223,24kgoldonly
88727,mindlostinq
87566,Adele_uuh
34608,wade3345
103878,thowmeawaybrov
92528,throwawaymylifefuck
15868,solo_suspended
9416,Conway2709
7506,sadfacegirl95
96643,fortnite_sucks_dick1
123834,amd6654
112821,weakprostates
89263,VentingMyProblems0
114171,conned-man
6097,_lol_no
10251,cookieckie
64149,Roxy_Radical
135452,sleepyfab
1638,Gyropi
72026,lonely-blue
85958,Isle_of_Alexis
65855,lightpoleaction
48316,ARawpper
89350,PlentyStill6
5020,Tack1234
20398,tohellothink
36619,FirePal32120
23590,throwaway3301c
36095,littleinferno__
54538,katmol
126886,diego17424
93846,snazzeroni
112991,SA99999
398,insanity_randomness
129089,Eva_x0-
46792,exotic_hang_glider
123399,Ionut201
105866,Xx_slavemaster_xX
7711,Acid_Enthusiast
53939,Eclipse_ID
133090,Ferdakit
125183,ExpensiveMemoryx
48168,mexicansyrup
52703,chickpeasalads
1115,shitjustgotteal
48556,adenaden4
81377,vibing_666
34524,qwertzztrewqhululu
48210,Raeliz2be
100030,logan_anger
87972,amarpratap_singh
3383,yeetmetospace
90742,PsychoactiveOtter
131790,oshi-goroshi
8812,sadboi133769420
134357,iamfuckingexhausted
122882,thyrue13
76099,OkCompany9
30561,throwaway23455331
20292,11Jataca
89983,Samiixmarie
97442,idek01234
135552,Cittycool
19671,frenchbreadcrumb
70365,UnkownAccount134
116089,undercover_time
102902,Trust_Me_Im_A_Doct0r
44197,dontaskforthewifi
126845,gghjkkkksxfrf
683,dulledemotions
85858,Gricey1
67456,stressy-duck
129565,CantStopMeUAintShit
51329,throwawayaccount-xde
50002,lemons264
80812,mrkiwitox
31091,quitethe-
46784,luttman666
123612,deliriousspacechild
3685,HopelessAnhedonic
63198,Greener441
110345,ZelphsSeminaryZealot
47644,sjss33
70417,Vlakii_04
127956,Dangerous-Whereas-46
11363,asdfhillary
19071,DirtyDan0102030
68114,luckyone86
110808,ProjectMinimum
64326,asemereman
84982,synchronicityismylif
47497,TA_NoMore
135989,Goldenbrown_19
59329,suicidegurlz
33166,Idkrntbh
46020,RedRage13
30439,WorstMercy
97172,tmb59
61835,gloomballeo
139261,TheReal_SlimKatie
136431,drowsynoodle
108286,Triyxr
36837,PiercedBorderline
32249,MissCakeAndCream
109121,ToyoTyerSlayer69
987,Kekdich
106234,OstensiblyStupid
3514,KingKirbyTheGreat
63632,djbell0411
95088,gofuckyourself121
106797,hyding
77204,GiveMeBackMyVanity
55100,idkhalol
17981,helpmenlnl
7299,irish-boyyaya
114583,one_warm_line
841,Generic_Satanist21
2658,Sally_A552
77078,pbpb0
115304,sourdough_in_sablay
43770,NiasWorld
62990,AzureCoastVU
63338,sadhippo557
16185,Konjokradica
61062,alkalifeldapar
95141,angelladford
57993,Destrojer2
30511,relicater
72447,rapidayemove369
5170,smithnic
63106,crispcarrot
63066,N0thing-N0where
79121,ClassicBoard8
1400,ilovehuskies11
30508,issuebaby
36787,Dexter405
7161,dreadpiratepatrick
94573,svet_txt
35493,TDeVore48
55392,KirbyforNarnia
94907,alex61679
107461,OopsIForgotLol
818,leviathon756
20420,nokarmahere222
9768,rukbbgydgjvgydgcd
85759,somesmallturtle
1815,doc_of_journalism123
132068,Wreckkkkage
60618,S455Ltd
119782,dandie2020
19253,restless_vampire
109112,Pointlessknocking
126491,Nashley1991
123121,lostdirectionless
70095,OusAKAUZI
14269,AnEpicFuckUp
90885,iamdoingittonight
137057,Klownn_damn
81048,adripe_throwaway
112655,Icedhomie
111256,bigdungdong69
119022,Imliterallyquaking
121066,kill_me778
25675,wiabo
103141,BladeRunner1998
12262,Miss-94
63741,sveloce
92784,SnooPredilections226
113405,murdermethrowaway0
113254,throwawayforever27
132137,throwaway4106-
15933,ramaskg
51760,OkSoYoureBradPitt
105947,SIMPcece
87955,lilypotpad
36858,kinglizardking
88177,Sometimesretarded
56366,kaze0408
78028,deleting_image
2801,throwaway156492
96475,anotherhomosapian
79701,madd99
42625,ThisIsntMy2ndRodeo
60932,justind5d
989,throwaway99998467791
130878,Kagedeah
87613,a-Ball-of-Floof
25068,pm-me_ur_waifus
75317,yaduyoda
121802,AdvantageDry1278
137714,Heavy_Signal_4476
109506,Nathr2
30058,DripDropPlop
50967,veronicalan_
107567,ayyyyyya-bitch
131118,SmellySacks
23679,forthecounter
51411,MsErie
110618,sven_
110224,littlebuster22
92379,MakeupMess
117881,DramaExternal
133818,ODX-
6957,redditgirl_99
104457,Kavii_Pirate
123252,oddity_satellite
90894,haha-fuck-life
40928,samzotos
25135,anonfoodguru
122196,I_am_being4aBeing
108209,camasrobinson
25216,curtis367
72421,thombucc
22391,markjamie1
84143,dasfaasf
86314,fakelollipops
78587,heathicccboi
7681,yankh8r806
66389,throwme_away2020
42391,lilyrose64
75417,boognish83
126024,gothiestbbwchick
17616,Seraphinavioletcuell
121800,tommylopez55
26267,Nelsoned
45900,MLR94
21189,invalidexistence
66301,tangieeee_t
39920,throwawaymess12345
94583,sanrio567
138280,thebrunson20
13742,dyel-brah
49720,1080progressive
86254,cyberdough
63844,McTomatOle
113171,Temporary_Conflict26
87381,pinsuxx
49286,BrokenBenjamin
27425,throw-away-account-d
9712,aftershock13
131744,sluttysutra
89841,hamster5368
57518,thepinktaco_69
88866,Boyd_IV
74543,clairebear780
17628,Clean_Clutter
65027,MagpieMelon
131497,JadedMK
104872,That_Craft_4640
77412,noonesalt
125109,Arham40
87539,throwaway18002378255
3635,Shiemmi
127545,pareidolorous
136994,darkwiggum
18669,trashyknitter
83847,ThrowawayMyam
32354,kadoodlez
121085,MTI90
100675,vvn_1
65374,jjco0l
118987,elisucksatlife
130605,cloud11-
351,Renaynay1
39604,CCalibre
12004,spacevagabond30
103259,Rasta-Grandpa
121824,throowaway471
54204,Lechop
119181,uglystupidbxtch
81109,annonymisskd
84797,AwayThroat
124434,fyodor-chan
127202,Long-Time-lurker-1
29788,Backup223
100399,aqui-de-paso
121079,throwaway7373885
128829,Bulletsinmysockets
119570,DisillusionedNeurons
6387,fffucj
65471,cjohndesign
87866,heaterduke
58865,Bulbaboi
76403,Cool_Wanch_Dowitos
13372,OfficialPoloSupreme
102922,NextG3ne
16045,akira20192020
23391,owldept
79748,MagicMeatbal1
97130,john2--
138480,QueenCurlyQ
59748,dubu_murderrr
89018,ChineseJetPilot99
80815,BenniF
45454,mmmmm_fingers
50374,jaksar861
121520,smurako
75203,thrwwyfrrsn
111175,Ramon0451
139356,kasperggwp
65917,iliveinstress
38751,smack-donalds
108450,bearsbeetsbeers123
83482,mahoneysounds
92469,drreddrop
86725,MochiBrianna
108161,Nanihara
71531,looloohoodoo1
64504,kkhasanxiety
110031,Eyez19
25617,AssassinsGrudge
134006,htmldepressed
26186,xanads
113975,Deletingsooni1
56243,rubbishrocketship
107960,Alone-Sandwich-2797
128353,Kizla
67176,lildreamer5
110545,Extension-Ad1707
116137,Friedrice_Nunchakus
55221,throwawayforme1891
2928,devashish98
101283,thedeal26
59941,Tacologists
116530,throwawayyyyy0019
130029,SugariGutz
71246,MysticNoble
92256,tooruk
93113,soupybox
26866,OneIn7BillionPeople
14897,shinitaiii
137166,___dreamy___
85371,sleepinginchaos
93463,thevivids
116954,Rhaegar67
80797,hxxxhh
65334,Randomthrowaway_2278
136177,PickledChin
33514,boulosa
45952,joo998898
106212,N0Va202_
46821,Anonymous_suicide
33622,MrNeetSenpai
83445,Disomemient
2035,ShayminSkyForme492
42216,TrickyOccasion
33122,GriftHollow
53673,HumanRun
111526,relentlessrain
23176,Traurig_
107140,ThrowAwayCatToy
112878,MordredXIII
68446,wannaimprove2
120007,jftcygg
134845,Moline-12
113146,transplumcookie
133815,Throwaway18472982
20504,spydersaiyan
128652,milinfthr
62629,throwaway2tired
97316,fallinginmyarms
25854,CPULilacHeart
121963,PlayedMyTrapCard
55823,mitchhogan345
100303,neroanon
87700,J_Ihnen
107163,anotherthrowawayRE
6088,The_Pugz
22255,chemically1
88182,Dungeonella
80247,Ex10dead
99059,sniiperfoxxx
114520,LastNightAccount
13015,bitchstolemyuname
63249,nshshsn
109303,gyegye000
98940,stena_bulk
64341,BingeWatchingAllDay
96122,NikPass
101146,millionchromosomes
87890,SAd700-1
97474,notlol98
115536,EmeraldJadeApsara
106167,Pepstarr2001
89003,smallboobs__
16774,mount_21
117946,bermamn69
58803,PleaseEndMe_69
19075,bunnychelle
109308,throw_away_1905
101454,Such_Name_Very_Wow
73316,glitterconflict
139303,redsuslmao
112066,Sequoia_0
128858,lL1905
52681,HydraManx
87293,Adidasman123
985,thedarknessiswinning
98732,anxietysiesta
111585,Silver-Plane
26727,User22013
50239,AlexShawnMiller
93675,163773843
71780,Reginald_Bear
8666,annabee00
135442,Palletjack2020
61158,brattybluntz
19597,ShitAllMyGoldsGone
110044,CosmicJay6
123916,kekeke666
13170,the-lonely-wolf
129800,abcdeedddd
15152,thefeelsunreal
24200,Nortio
33928,PinkPortrait
28237,oksana824
94315,ChesterCopperPot72
6425,Romero1993
68800,_noodles
60019,somethingsuperindie
100338,eukaii
114124,ObserveR_BiaS
53863,nen_user95
110248,ItsStillLee
22177,lollypop44i
6687,suicidethrowaway55
5728,minamajef
22225,Tactical_Doge1337
137865,A_lost_dude
75749,Krispytacos007
134892,-100kkarma_challng
23452,082008110
51315,HighAsks
32434,elusive1988
49559,throwaway72_350
129859,xxxglitchesxxx
9222,discardedyouth88
71541,LapizProductions
95906,finallygoingthrow
114083,blood-racing
60832,hopelessocean
122758,Adaxique
61412,pbandjhoe
73918,510ver
53859,SimonSaysGTFU
106593,nosleepc
104280,megaeonise
57134,Sekondchance
89652,saddestdonkey
58428,MC_Krew625
102379,JustTheSThrowaway
63881,youthuser002
18100,QualityControl--
59069,anonymous9018
135192,SuspiciousSquirtle
438,han9112
2297,FucksWithGators
72460,glareinmyeyes
53187,TripwirethePholidine
24272,I_Needed_You
47955,ThatDogePlayz
135466,bexboop
56932,ShockWave207
78788,notzcyramae
80870,Rubarusher
130859,_Und3rsc0re_
64037,MHTA911
110531,ebsy04
3430,anon22333444
60715,Brex970
3235,whyyyshouldicare
106718,ineedalotofhelp1gx
70056,Askiya_
97828,roxaroxo
97546,guiltyconscience123
133919,tngjstn
8777,xXSarac3nSlay3rXx
41439,crotchetandclank
31634,sad-wendall
98251,RoyalSimmy
107097,SmeceBrkato
17577,BentonETrading
88640,thesupernerdychick
30444,zeenator
48383,suicidalbean617
115836,Discordlover097
9159,iwtara0214
65549,octobervampire
121029,so_lostlost
103404,Sinkagu
86682,DBoyer0331
34708,blr1224
46850,ApolloRex
125248,MadKat22
79174,ThenThanks2
64009,Sfr111
71216,Staraptor157
50690,atiredsoull
88843,AcceptableEducator5
121867,randomguy1603
56188,2018-
79320,black_gabbath
113727,_fucklife__
113002,Medium-Associate3881
26641,sik-world
92538,evenitout
89046,11thHouse
132437,Commiecoomer69
67522,Dogememedad1234
137470,shitheadaurora
135931,athrowawayofc23
48188,Justdepressed12345
114023,Ok-Load-7114
73916,knockout_21
14755,palpablezebra
91199,DepressedFrogs
114252,Mystical_Caveman
124319,BuckNakedAndAfraid
52744,snazzyjazzyaxton
13290,throwawayy7863
33734,introverted_blonde
17850,SpaceMan420gmt
92702,exliedavarice
75442,FenrirWolf08
107896,Bpleech
62210,Yumialee
86921,Yoosernaeme
62021,MrOraange
26389,spectacularhippo
124467,imohsotired
63036,Finished100
77358,welsh_hero
117203,throwaway1294824
128773,Aggravating_Ad4945
76162,Tliik
65734,1lucy
71022,forex_end_game
39648,savethegiraffes
111440,Bananers10
10067,rottencoreonion
52950,jeffrxxx
108372,ecrobles01
121877,Youcouldneva
58257,throwaway1282000
9205,darakusrex
50404,NuttreeXSnowstorm
68575,AtomicEfflorescence
8250,karrro7
44571,UnderstandablyMad
66985,Wydnesss
66400,ZosusAmaze
42674,lifeeeeee123
113808,kasokik
117303,anonymous-Fig
36180,shedoesitalltho
45672,ihavelotsoflove90
88379,fishycatsbreath
19513,InformalAide
95600,Throwaway293746KK
41486,mdtrxwolf
100177,Carebear6590
57540,ivereddiit
135546,ScrewSimonCowell
75495,OriginalChannel
53741,nickf2022
66046,Timeshungry
131365,Mysteriousnes
128438,finnrj
85382,yourbrokenairpods
137781,TheInsanelyCool
112654,LolImLosingHope
33198,SilverDraconus
125292,6969kidsinmybasement
8949,kubaneando
887,nobodyfrom2000
106057,imfine07
20759,1cursedbloke
98310,streetlightobandit
54827,MiddleAgedNinja
57655,red667
133664,snowball1994
102322,lloydiig
51537,aphillippsss
16683,Lagravenase
128825,Violet_Haruka
47236,_GoodBye_Guys_
116873,morgand03
86174,espxexplorer117
89573,emo_in_a_gerardway-
24569,ThatTealColour
14043,throwaway3627827262
136755,GoldenSeraph369
48141,seven7shooter
104546,TheFisherman12
35697,EggEggEgg00
55863,Joe-division
115753,emiweei
12082,Feather_Hearts17
33692,nwaisou
127219,gthompson12
132102,Intelligent-Knee463
95720,4848s
130354,sz771103
62585,okiepokiemybuttie
70601,Fluid_Manner
102038,SlurpsNoodles
15588,TVJJ
92357,Lavander_Moody
15137,viprodi
132885,rexmorpheus777
11326,blankz1020
42855,CockInMyAsshole
38615,Winger52
14738,lebong-james69
54856,xjrqh
123106,jaded-society
127380,sunnydays28
119397,uuu9975
38197,Ryanisreallame
93015,Mcley1234
69826,RascalPizza
9486,MihuDS
110727,Az_Doggy
19321,Party_Coyote
56913,aramas3
92341,Alanfant
24924,Fledgling_Moose
95813,tur09
74600,SuperDuperPewper
6486,0451840
51542,blahblahman21
50185,Grantkilday
138288,IamNoc777
19683,alllbymyshelf
50936,AshShinigami
111838,EluraBop
104094,realSpankadog
27298,cantlosewhatihave
25773,ruis73onc6
33190,gumboheck
122447,Dapper_Selection_651
36549,therealqshady
71958,Tall-Crow
40535,throwaway3939929
120688,IronicHoodies
45691,LonelyCroco
1053,Whatever_ho
84493,xxa1d4nxx
88959,mylifesucks-
123761,throwawayukf
62216,LazyAmericanAtheist
131584,carnis-exanimis
125861,Morthy
32983,SilverGlassRain
120374,ResponsibilityOk7480
81364,Kryptzy
77178,RavenWithDepression
29197,Meme_Jockey
44446,rl35566
49933,yoyoyoy0
97124,JpBlez5
34903,sooicuidal
14294,Natoussesse
53997,Evening102
98254,Ctylm
91095,BlazingManatee420
44281,Kandy_Springfield
74694,bulletproofblonde
93775,MrTumnus_
75589,username_90s_kid
115010,Magnumxl711
123899,AmbientMusicTrack
20218,RebeccaHeart
19712,SubjectSandwich3
99230,Illinoiswitch2199
94218,Azusuu
111703,YouKnowWhoThisIss
21979,Harmless-Sharp
74609,ancientfaerielore
97449,alex12434
3223,peachgumm
129685,IEnjoyWritingNotes
87755,mintyfrap_
120,ManicMonkey12
30806,Deleriousmexican
49338,pm__me_your__worries
36070,q232435345
51260,Faerki
90583,TheRealManti
108528,RGB123ME
89986,throwawayworthless99
32971,Slydog319
26510,Mr_Rustles
89734,hotsauce6655
60393,necropsist
13047,elb329
105417,A--RUN
93874,JumpRopeIsASport
69041,r_facepalm
24091,HiFi2WiFi
5838,mrs_cherry_poppins
118520,dreamer1112
102345,resemblemyself
116396,Working-File
80358,roxx360
49273,Crimsonmoon95
60605,noobus211
123242,throwaway77777222
76487,alonewithmusic4
3497,6___7___k
112748,Addaliio1901
72926,Diddykong1177
111986,Throwaway800008-
51376,asdfgghjkl987
9408,Okayrightnow
83344,look-alive-sunshine
112687,standingonarock
85223,qreepie
92710,dahbakons_ghost
98893,Lostprophets0
25397,Lol_u_ded
78633,ZellaJella
132913,xKazuhiro
35003,wednesdayyy_
137262,Saiyan343
134302,ChefCook_
65870,Http-Wktgpc
23642,C0nfuZ3DAng3L
102115,Mini_Escobar28
21655,manyspiritsstrong
14282,blehmenbuddy
110149,chex-ces
11271,Throwthisaccount8888
80634,Fiercart
108623,Oswrick
32480,throwaway0283839
53778,vininass
72100,Alert-Extension
5381,iilwbd
122200,idekkkkkkkkkkkkk
127633,Pitiful_Tangelo_7726
126177,clever_sicko
57374,floa_
54951,thampss
114321,SKYLARHAHA
13818,whore_to_a_chainsaw
39144,_asocial_loser
34567,smebyy
90016,dirty_hues
131428,frozenbubblegum
134054,gratefulheadsbaby
23965,ItalianChair
42306,cookiesnmilkx
100140,Haru_Shizuku
41982,Throwaway2019910
54668,DNAD51-
68274,anon990999
9925,PaidInBacon
68035,avant_garbage
60336,WutYouKnowBoutThat
114459,Careless_Entry1802
123708,Zebunsten
19890,JustThrowitAllAway99
123425,OskarPoProstu
89220,throwawae008
121619,nichtsotiefrudiger
10899,Moonlight78
46780,Gloomy_Evergreen
40276,Brownie556
23596,pickle122781985729
129994,gdrumy88
130999,thruway54321
44128,whereismymindpls
120200,gmeeji
71327,yenkia
39102,colourednight
124553,_Optimistic_Soul
74744,Dehidriranasam11
40722,Fetustheyeetus
107895,pinkvaporwave
92617,totalrefan
25259,AlphaMG1010
95052,happyflower413
46366,MDKMurderDeathKill
135,buttermyegggroll
71341,Entire-Rice
66438,Fancy-Term
19943,goldtearz
86283,TopHatGuy5269
24344,modestia
122528,Notgivingadang
31316,ReboyGTR
10279,eternalouroborus
69290,Mission-Novel
104848,thr0waway72
121188,omegal0maniac
43877,F-a-t-h-e-r
81928,thirstjarl
10529,mercyforpotato
107594,localdepressedcat
91384,throwawayhsjso
107637,dasdasd1sdds
15259,TeenNacho
86071,plo9opro
139457,GarlicOpossum
86325,srfthfshfshsfrhtresh
30779,colsi
94732,throwawayjessicamae
28030,OuterEarth
114042,melancholiagirl
20335,throwaway132738
99147,kirbieeee
18399,sadcorpse
122507,Tsoutseki
27392,ViciousCatO
113234,backhoee
119380,emptyman333
58079,octopaxz
79535,Embt88
43384,MiddleNameSage
107516,verydumbandsad
1367,autumnx
43007,PlumberWhosGonnaDoIt
115444,SkulkingJester
73909,chanberries123
56938,monsoon101
118288,transfrenchtoast
108702,CJmommy2020
18542,needsadvicedesperate
37715,libraryhuman
35857,_GiK_
108363,ExhaustedAsshole
92284,Ericlin31415
57883,guitar-pizza
1360,MacduffFifesNo1Thane
1645,Happycass
68329,sangfreud_1211
16840,Gone4uDAV
129031,RedSlimeballYT
108301,Spank-Those-Hams
88682,Pashnigen
12133,TheEwFighters
39918,Nero_A
54179,Danni_boi_
120116,hamukko
83667,doctorincrisis
91584,JazzRapAfficianado
13460,PlasticL0ve
11471,amyjosiane
123767,throwaway618711
77455,IxNJackba
15456,painfully98
35634,MrGengisSean
34221,pommybear
23532,303AL
32871,Hanjoy3
34645,Joeym90
21799,thatwasmybutt
121718,CapriciousCancer
77406,AkameAnimeGirl
6732,lf2722812
2026,throwawayhelpme-----
96698,poppyxvv
109515,t0k1
23878,somenamesomename
60402,Alomare
76857,FinnTea
120343,Opzor
33654,hoofedCervine
88548,pramaboi
18144,dekimar
77723,skies_Idle
49003,5thdimensionnut
25491,3weeks2suicide
136422,throwaway1484848476
132553,Insecuredepression
116138,stu_dying_help
97397,losersleepingsnoo
119018,OfficialRizzo
81415,lightskinlatino
133259,Animesmiles_1567
70307,MsMinxy13
122250,jennaa12872
75024,shitstain82
46594,NossiMcGeek
58374,GGme123
87786,noneotterpups
67583,emsy6
173,jojikuso
33215,IslamicCheetah
38012,pattinstan
113208,sadasheck99
1511,salmonasparagus
50098,atomic_sasquatch
101346,wowcows
65882,yoonthrowaway
17773,cstein46
80063,swaggod-3
126080,mlmlmoon
41365,Youdontneedmyname12
53506,scapries
50754,Shnasuel
119832,ununitednations
127337,eviee_sunrisee
41829,_fairywren
74319,blueberriestate
122337,IHateBulgarians
79483,ThrowAwayPotatoCakes
89624,sihuniverse
119909,sadburritoforever
15297,blandoffhand
138935,BraddyQu
33846,sadexum
49545,ThatOneGuyPro420
15997,heyheyhey788
48116,reddithuhreddit
10508,LegalIdea
5513,throwaway20002008
129738,AntifaSoylentt
75798,Oxycleanup
107214,Munous
6618,I_lift_things_up_
9425,HisokaXHuntah
124737,PrthReddits
39023,needsomeadvice235434
84587,Ranger_Duratec
78471,Ree-ality
70398,neverseeneverhear
16092,muvavenus
61127,birrdds
74540,NeW_Craze77
91468,folfiethewox99
67239,velveteen_cliff_face
101183,EmmyMerri920
51420,CruelSilenc3r
1901,Very_lost_in_Houston
41249,throwaway87230137
13443,purplelily808
104503,Snoo_3174
118298,quietlinguist
18942,jyanihime
58647,yikesjai
135296,Capital-Mood4848467
69345,Recent_Space
34739,TheMidnightMoon2
81569,invisible-existence
107160,flearhcp97
116840,Gothsorrow73
11640,vlyxen
29890,naomana
88576,Fart_Taker
104521,UzaNamuDeGozaru
138160,Squideau
12005,jtakacs5llfl
35574,kevinnagy
29823,HimejiWataru
124072,Geelong40
54405,poppy_adams
23492,Hawkens27
134283,tylerv602022
79359,clearlynotme_
31446,anon91703
59185,DreamTerrace
94106,jfjdkskckc
49550,Salamander_boii
73071,SpellBoundGamer
10436,ConcernedAndScared
85355,BumfuzzleRindfleli
34236,throwawaysuix
57091,blackhat91
137499,cherryblossomsmiles
113632,Sample_X
120133,fundude64
31895,ReaperofThrowaways
78300,1mNobody
3238,jungwoos
91963,vpblackheart
83398,anansam11311
108352,imsosorry123456778
125920,jibreeblee
98979,MXP526
39927,WorthProposal
123073,CheekyVicky
132049,ThatSqueakerOnXbox
86132,Yonzers
41160,dADISFISHING
137006,AccomplishedCounty30
129638,SteamyCreamyFetus
121940,MyloveAyleth
58010,Strugglingguy101
90678,Mydogisadoglol
5878,daydreamingdisaster
11636,981982
48504,iseeu1001
120944,ranndomaccount81020
57041,glazed-doughnuts
121917,Ok_Big_733
6352,TrainingSandwich6
49341,TheThirdCloneOfXyxl
73327,Manabobana45
129116,retrolilygloss
111740,SPBreadRollQR
59302,aetnaaa
33665,thisoneweirdgirl
117738,GoodbyeeWorld
75942,Bullet1020
83503,IQuoteRelevantSongs
71644,nopointsnowhere
124137,NineIntheMoon-
120344,mazzikim_
54017,TasteofCockroaches
48001,neo-xoana
61082,BigConcretePot
79615,voidhead1331
24736,jamesarrows
137175,WowOrIsAnd
80178,twitchydoggofeets
43768,ZKXX
26859,Xtrastressed
86171,LostNobu
133328,One-Run-6363
108892,Bugbytez
96724,alfldka
91540,throwqwertyy123
122859,Lunar730
94586,Christian240
46602,shaunhk
38642,yogazen420
77868,throwaway1637281818
130537,BabeyBell
25754,dollbitch69
5003,LasCoL
47625,ICanSeeYourPixels32
49829,MrGlentennis
68104,CallMeYeetMeister
50357,Raunchey
68664,Spirited-Access
17659,meccadeadly
61055,UniqueUsername1197
3814,ingravitas
113713,dr-butabarbital
124550,Sacred_Inkblot
82547,DLguy98
14903,Hia18
57649,throwaway983kds9u
91096,Lexahh
59179,klutzikaze
58255,EhManana
101886,Mammoth_pain86
118408,idkhello1717
109944,Reeeboissss
129109,livetheblackpill
31996,Amizzyya
98386,Difficult_Plum_8457
1600,xxspectacularxx
3668,NovaK2K
72751,DionRifkin
71797,pangolin373
108831,sha5rayar
97783,Bipedal0ne
3555,azreal2716
108071,mymindis7days
106286,keeeeeeeeeeeks
25167,smashlashm
138271,kill-Dono
108554,theotherone2357
125122,human_without_love
59415,SadBoiAesthetic-
53301,thisistoohard1337
126431,verysadboi69
52068,throwaway16473874937
111458,N2Battle
100207,jellyflaxe
5226,SelenaTheLemon
54187,KevKus
86004,yttua
85334,LadyFoxGlove13
49801,iwantdedrn
104271,rosiesleeps
75712,nonexistant27
51423,Floofy101
75394,gaylord465
4979,TwinkieInTheTrash
16186,ShadsDR
106679,ThrowRAhebephile
50916,Loose_Arrow
34116,Frank-Castle777
36498,BasketCaseProblems
74501,3catmafia
40499,5bB0ed6sK3x9bdtP
82771,pubgoinguponatuesday
43354,hanndyman
5505,hafwen
130415,iHaveNoIdeeaOfAName
37660,jppj66
134819,Soullessbxby
77599,shawty00001
7624,yeeeboiiiiiiii
52874,imesedupthrowaway
107171,soggypalpityne
72583,neon_dancer
36384,TacoMex277
126488,SERPENT-MUSIC
68132,Daffilia
5983,gloztur
77398,luciex3
95311,itachisensay
67903,awesomesauce295
104072,sxddxm
71551,UkiyoNarancia
40561,AssassianNation
73414,Mr_RightTime
3452,jjstrange13
3068,NEONVORE
28920,Throwaway567567590
4532,Robertredgreen
139602,xox_angel_xox
26085,Hazani1717
120548,LauraintheCloudwithD
118306,chazzyt218
108538,rottenforgotten
14926,lordfarquaad789
54487,burrnr
12228,needsoftballplayers
12291,Grownuppieceofjizz
74818,jmaeamb
14040,kaname_03
61308,reclusiveforever
95544,shiningpinkbag
71871,csiegel19
97876,pinoyokin
106527,dbndodjrndkdjdnddj
46675,the-depressed-teen
46095,Freddy6978
125280,Kigerone
68094,castironrung
35097,schmelyusz
107236,A_boy_with_a_hole
68505,adamcorporate
113744,MyauIsHere
54863,V0idK1tty
23772,idc20
38327,lilac130
111480,throwaway30212212121
6472,throwaway124peep
40178,Lkjpoimnv
16469,throwaway67868780908
97681,not_actually_anthony
111154,whathefuckiswerong
121625,-Captian-Obvious-
106989,awsea
51698,urhenurhen
66512,MinuteSelection3
69497,Throwies137
118609,Holistic_Warrior
40626,IamNoob1998
131940,Bcakess25
35873,negrointellectual
90330,supr7me_
48540,aquariusad
122809,ThrowRA_34656
27260,KillerQueenBean
32487,divinedefence2
72070,Economy-Initial
109901,chaoslacher_008
133483,IcarusOtaku
74766,Sertroftanax
131108,lolpoopypoo
30107,TheSirenofTheRhine
42901,Danz_31xo
132285,end_me_please48
56074,friedwatermel0n
33937,throwawaydump02829
40093,SassyPants2435
136140,Leoide34
119213,awakenedenergy
20907,Heyfoximophandlemama
61549,yaragl
25605,niggelitoo
77464,j_hansen63
52406,WonderfulGanache
135034,Unfathomable68
103032,Delicious-Rub7164
30546,Dalos_
37854,GottaGoFastester
46418,Alt_Acc_4_Venting
67372,cringyusername_
83886,Noggin21
34638,neku121
7729,pro-moira-main
84884,emotely
3674,deathinherroom
124542,Waarm
15378,aermyg
80346,Interesting_Setting
31419,westlib
7518,Broesjes
44250,Lololucky
20189,CANNEDxM34T
79662,TastyWindowCleaner
6462,CorbeauAtWork
51312,sharksandstuffing
99035,maxthebigseal
78261,AnonymousCuzImShy
19191,throwaway731146
66222,sikkbubblegum88
110282,satanslittlebooger
6360,acatfromyouralley
15555,carneasuhdude
43651,justhimifornow
17438,xeroxdepression
111398,Throwaway_daughter89
70830,3980025
57419,retrolynxgaming
35701,MasterAlthalus
47758,Guyanderson122
84848,simpgod-----
35903,mannup
11507,throwaway73727272
46030,Aseel32
9223,Rise-up-india
53268,PikachuFruit
118749,poke-xo
23797,Nonsense_constance
107582,WasteOfTime333
2014,Iam-HoboJoJo
35027,Corgillisciousness
26926,williamsankim
106992,UsedToBeRadical
84621,assholian322
50758,throwRAbrownchair
68829,bitchuchoda
34901,silverstar58
107237,ConfusinglyConfusing
29265,throwaway9fd328
88847,dr_shylock
139333,Kind-Plan77
76512,wakeupgod
54260,radiofriendly420
7748,aspie7a
67593,a-deer-in-headlights
93780,TheGodofEvil
38810,whoamiifanyone
97558,Iloveyouilove
107335,Soraarai
57983,Grave-R
26651,PhilosopyViking
88938,eleganceinabox
25290,Milessmoodle
93412,DeathGiardian
26549,DeadManInside19
138321,AsitAdkarYT
31937,BrownSugg
133378,Actual__23
31962,bumblebee2701
44440,NerdNuncle
48257,Rikuwoblivion
46605,xrebxbiex
83969,Bubba_Krubs
91420,personafumadora
14256,Tinyrick_plz_help
72367,1hsayg1
70632,nochiu
13909,Jeessica16
132459,AleisterCrowey200
91793,keiferj0415
105002,CrochetHoe
121529,DiscombobulatedBet44
52620,gingervixxen
70527,visionsinmymind
59781,meaningless-account
97010,i-hate-myself12334
59578,Lysik_Path
44047,Topanto
111486,ShaDoW58558
26276,Micheals2019
89532,Xyrku000
90361,bassbrainy
133157,Rossman310
87025,-_-isabelle-_-
100663,pestofeasto
128563,moonbani
28592,cryinginside00
38851,anonymous_____1
34902,JustinBarly
86173,foobar2327
69312,lxnbelle
109771,Throwawayalifecoin
51343,t6h6r6o6w6a6w6a6y6
53545,con701
126066,Mrsteakymeat
99554,dlkjsn_9300
53022,jz1822
91927,me_1087
59965,hellowhatup11111
38517,birdmanjunior11thgrd
111895,fragilewhiteguy-
7340,futurelullaby
23905,joncorwin
50278,lucnoodle
125208,celestial_view
8262,PoweredbyPosies
131220,iddybiddythrowaway
6994,Attamgits
109805,briswalsh
112150,Green-Cartographer58
27527,tomparis37x
57960,nO_gOdS_nO-mAsTeRs
87654,ninaaxxh
111054,mmkthxbye
37415,kylerudrud
67770,throwiwant2die
123263,herdurmurdacky
47470,pm_tech_gore
94774,justadumbhoe
97635,JackTh3Ripper92
85050,thrwawaynum100000
94794,nearthemirrorsedge
103603,EvasiveCookies
103698,rainyflowerist
132766,TheChinpanzeeMan
63794,nikkog28
38845,lizardwatts
118669,anonhereforadvice
25069,sylvanwhisper
65627,AaronH121212
115951,InIt4TehNoms
32355,quadratixz
104531,Comprehensive-Taco
5113,The_Peaceful_Ogre
11031,helpoldsoul1
67238,Kitchen_Pause
128031,testing200202
47724,TheTruthMatters9
68670,Squaresssss
13041,_w1nt3rs_
40597,Vuzzers
62389,LOPPPz
64114,NotEdibleCactus
116149,SnooDoughnuts7381
66426,flowerboi66
79959,Ril_Ruq
19019,LShe
32206,ganzeinfachkiki
93136,ohlordhowdidigethere
23843,chinesefucker
92869,flakeeight
128407,warriorsoul10012018
122379,theblacksheeps
98793,Loosing_hope__c
89519,worthlessperson10
120721,thr0w4w4yacc92
28599,Rettichaufreddit
100414,ratingfunquarantine
37976,Janokuchen
44992,bzdtry
18065,SneeezyPeesy282883
59496,DatGuyHilz
25402,spookyb0yy
77307,supahardpimp
107462,NotURAverageTeacher
134961,frfbbffdxc
49378,TristanWintle
52175,majffandkfh851
137001,onlyhereforDnD
42467,running_hawk
132825,LastPoserStanding
33289,demonsuzuki
25506,Throwawayhatemywork
130474,Munsterella
75316,GinnyGinnyFuckFace
65451,CGBorley
111937,Foxtrot_Act
33755,InTheBlinkOfAnI
117301,som1stilllovesu
89368,Throwaway-4836
109665,Prestigious-Ad5585
4611,rnourning
84741,squeakybra
58256,anontransguy
17245,AtlusTheCreator
130933,Rainglock
130043,MyCrazyBanana42
106206,mrians1271
107151,AngelEsp98
122391,Carob_Mammoth
8342,DisastrousOrchid
22273,metalblade616
40176,abyssshriek
90959,Inline4ZhivaLuffy
99278,kuruushio
103118,Myopicshortsighted
105055,AdAmbitious117
60458,alone_at_midnight
134614,BroadPossibility9023
79388,MorbidxMilf
57000,Jessielieb12
45430,Autumniscoming123
4696,massiveattackfan
110928,pinkk2
106118,Crenich
84282,hardbottom
78884,East_tooth
20032,3dgirlsareweird
12561,MakeItStopWhen
5698,gstewa372
77832,onsomemagicbs
31352,honestlythesame
95985,Xhiilion
106867,akikoyuki
129722,Fuckthisshittt1997
14486,awkwardyoungadult
113359,randomusername216
5958,-tahlthar-
127536,tom_cypher_
122075,broken-petals
83343,UnsanitaryDaydream
3616,throwaway37228
135476,W1R3RZ_27
53108,bubblegumpuke
39761,JuneFernan
93649,RageBroccoli
91009,monochromaticCheetah
27999,momeli
39498,arcticgirl333-
69714,sappheiros_ethereal
48576,23Weirdo23
67691,Yelabear
118427,dichiejr
132179,RJM1985
58521,suicidalram
92448,EvilAlien1
91353,jillian_barberie
136700,supematuraI
68922,maverakain
58496,throwaway3849202
95041,reilgyn
116998,wvmtrx
137251,iregretcominghere
31507,forthesads
103142,DancingCat09
138732,KOSTA116
10072,KyuSmeg
100168,migorenglove
95190,Tasty67
87638,trasheater17
22771,surfingiseverything
38132,idontdeservetodie
127246,lollipophair05
64310,grace35744
46113,alli-katt
51655,Tobi295
70009,3852throwawaybro
1141,Helpless_Lobster
97156,LoveDaMeech
93340,Swordo3612
113844,paddockson
77105,mikemichael96
38524,froggrips
113340,Th3BearMinimum
51231,SchminkDink
112371,SnooSketches2891
51998,blawndosaursrex
30823,always100718
98568,sfp0002
9171,Mikael_Dhatz
18953,SuicideForSanity
8459,veganmuffin
103668,kroka4loka
20831,weeewoooh
10783,simulacarm
95604,1901pies
125603,Icy-Entertainer-9176
71899,marxistangel
1857,scared-of-girls
63496,LLNotSavage
33621,talkordie
126820,Traditional_Ear_1674
138189,Crazy-Station1308
36305,SUNEQ
1278,first_ev3r_throwaway
83440,Shybiguy13
81106,ApprehensiveLie0
12856,thisisaburner2
108574,Sofi-of-Boletaria
86929,MetaphoricallyDead
52524,pokerjauz
26849,OG_Doge
112051,throwawayicsc
93620,IanC_7654
24487,P0T0
59811,2christmas_hams
96437,rootbeerfan30
122986,kajetan_miesny
14365,HeroicGuy25
19808,imtiredofliving321
137897,throwaway701771
99045,JustArandomGuy345
48172,GoBones15
116232,needhelpplz463983
82807,icantusemynormalacc
52579,kf7snooky
42792,_cring_boi_35
16896,ShukraVenus
2073,PeytonSparkles
32503,slxxpygirl
55965,ThrowAwayN100
60247,baarbaarian
65019,sobsession
10900,Madinc99
102445,CmdrTombes
97858,ibapconflicted
86886,luxurynightcity
73340,CharAznable69
14556,Muuuuuuuuuuurph
20148,SoCloseYetImScared
11744,PM_me_ur_depressions
66958,sinpks98
6924,1000waystofry
134172,ThrowawayLost01
122194,TimDaOmega
134939,SleepySlothsSynch
81320,TropicalKonanza
36035,chelskiiii
24766,throwmeaway1181
1585,throwaway125445414
30467,WebBrowserUser382
33374,unhappy-squirrel
49430,PriorLevel8
88324,chaseguy21
89885,ToughHeat
108323,Waleed_07
6620,Always-scared1
99583,mrs-snifflord
138729,SnooMacarons9268
115286,Tascmod
25752,jeffyjoo
122990,wadim_ek11
98046,Grunt_PB
49889,Polarities
69646,icedpeachmelon
77893,bbakirtas
14284,2headedman
116784,Kris10dabest
53497,no1speshal2u
103319,fullofshitandcum
27715,Noxchovitch
75794,buntrou
27232,bingbon0312
125805,throwaway1857234
9959,Boofitorlooseit
110063,faxan80248
40448,McKellar-47
120516,Xx_deathstar42069_xX
21365,GAlex117
92018,ksomp411
39393,j4meja
17984,FiraNayshun
70901,ButterButt4
35529,iamafreakhateme
34495,Mooshromlol
18783,tootsotoo
44706,Nsfwacct1872564
68018,purple1437
6260,ruslevch
92770,lillyiscool0000
54749,AlphaZorra
94129,unicornsaretasty123
102120,Throwawa152837479383
1946,merlotmystery
32273,kitcore
112779,Advertising_Cautious
69179,killmepleasea
89219,gambloholic
10141,felines234
43257,Noats321
139219,Whiteninj
75015,EliteKittyThyme
128577,Affectionate-Noise-7
15913,suicidalchip4
19246,g_para
97159,rebelmacho
58667,Ahimsa90
46923,Adderalin
118186,milkman20003
69927,Kingclancy420
119265,leo6922
77328,angrboda12
110258,nocreativeusernames
111428,thebigkitchen
60688,jasonmomo
102885,sapphicleila
75530,stratface4000
61778,chrryslshh
79782,BaerUK
68864,thisheartisastone
74709,Saro213
87634,eyeshuddertothink
64160,Enthused691
52105,inrainbows_weirdfish
88588,gadflyavua
5531,dapey123
125527,24Lakers8
135107,yoosn94
126085,Crosstheuniverz
56743,BenSultan97
52782,Glowinnnn
115780,lovepointbangnoose
1659,depression_mx_k
71834,poopyhead6572
50225,not_thedrink
5535,isuck_atusernames
2973,UprisingPlant
30835,Swthrowaway103084
18475,Friendlybot9000
5581,fucknugget1515
40856,hellandhoney
125675,hydroflask41
98957,nasilniko
104426,sockmonkeys92
30194,jnugs_999
117008,lovewillbemydeath
19500,nekoomancerr
8512,Languishing4Real
56483,suicidethrow48188
38001,Cosmonaut-115
70675,mustardman2ushe
29359,kbrouss93
959,CoconutFoxes
58019,dutynowtothefuture
36098,barbellbanana
100154,relativelydistracted
70487,Eiksgirl99
70115,Adorable-Archer
43136,throwaway29745
23814,hawkjrh
2099,WaseruHito
84718,Dannboye
116398,someonepleasecare
11257,marselle_music
67039,ulieallthetime
135149,TheBJ80
23426,midnightelixir
23254,RainbowCoffeeSyrup
123700,creepjohn
100098,SilverAffect
29733,garbage411
49075,ChameleonOfDarkness
23389,Many_Mathematician
128101,-Bercouli
64081,Im_a_negative_creep
73295,whatisthisisthislife
33194,HailValor
33930,runninggod21
104267,BlobOfGold
46063,GwenDoesMC121
51782,sawahaha
44854,T_McSass
89549,1800-i-want-to-die
109012,bakedzittiwoman
80832,dumbnylem
34632,__themaninblack__
116319,The___Grundle
1797,RandomWeaboo
28359,omniamoresaequat
51556,Y_all_D_names_B_took
89695,kirstyxanette
124600,Croc5153
131729,kuromibun
92846,Lilo_likes_cats
70913,Marteris89
48861,areebmir
79428,BeansOnToast11221122
66840,findingcheeko
91466,Thrownfaraway1942
91457,Dr-Vaginalo
89801,RedHairMatticus
120069,eladore-kyri
100703,Minori-mochi
40697,gaetanoiv
12024,official_peura
83099,ElDorggado
127870,um_thatsnice
74654,WangChoBo
72304,BlueSparkConsumer
130511,killingvalentine
131407,IDontKnowWeWillSee
102216,bee98765
27587,Skeletor555
139088,primecutm
39309,niphywic
17621,throwingthisaway9004
14863,KalosAeolus
122660,mikekenov275
51598,misguided_and_damned
58436,TheDeadDj
117051,kirkrova
38547,most_unoriginal_ign
94951,FamousKam007
110832,-1AdeptReece-
31587,deffomagi
61644,mothermurder88
118716,Fatloser_43
109838,sadboyltd
43686,NintendoPanda101
29972,coronado_dutroux
6722,TheRedElk
103525,ilikefishwithhats
135412,saphobassbitch
109949,whitehoeletsgo
52192,KaioZuma
63654,dragonofopal
74577,freekekistan2
130339,Koala-Outrageous
102988,WhocaresItsnothing
126781,SnooEpiphanies3450
101367,idkwhattosay95
118264,ez2zigzag
117776,rasbin23
42293,noseoffmykeyboard
56962,AnnaTaylorRadio
53428,YuyaBooya
122405,smogkisses
109848,ramcot
39640,Zeljari
24694,ashleyackley
96259,PretendBoysenberry00
35830,Slothh01
74969,MeowCashPlant
110685,tiniesthouseever
9500,Psychedelicssss
81747,random-username-idk7
112442,soldmysoul2rocknroll
118314,DogBones-
129121,Yeetaway48
112657,trice_throwaway
43617,master_of_the_void
45815,deaddude1
38949,randomthrowawayqwewq
134925,crzymaniac
81117,FrischeKnobicreme
46766,JeiFabella42
121521,Low-Battle
138928,moabassi
138342,RebelFox5660
135000,Long_Concentrate6011
69950,throwaway16937209
37832,edgelord713
85773,GoldDraw5
2057,superMarioOof
119856,sapphireskyz
79678,Dobawolf92
91243,unnamed_demon
30813,Bi_Daniel
132813,attempt4246
131399,Administration-Lumpy
117543,ms--throwaway
134502,THEWORSTPERSONTOLIVE
107452,Vallantcrf
120432,simpforcaveira
96150,gatortastic
32050,gen1masterrony
73068,sourlimesour
67490,Alteration_acct
106214,RIPxJUICExWRLD
107468,JoshCroft87
33191,saminabucket
89114,AnonyDogg
3019,npozero
99031,tmbgfan1234
58784,TurdleCat97
105375,thatkid715
37633,Dragqueentrifle
56152,BachAmadeus
91789,Wyc309170718
133623,thrownaway0000012
32116,FDRname
90654,111114-81319
133541,Neither-Potential-47
33164,bippetyboppityboo
34700,nobokeisbebsiok
135145,steppenstone
79132,gzgz2
59527,fat-rats
53707,beautifulusername11
137290,spacesubby
127272,Halcyon0n0n
51255,SadOccasion
75120,throwawwsyyy
38774,lisaferthefirst
56697,hmmmmmhmmmm123
111277,TurtleDuDe48
36114,whyamihereanymore94
99945,vuyfogifux
52815,throwway0100
16825,Melouya
132004,rdta0
4850,MrRemingtune
33873,Equal_Throw
78667,RandomRabbitEar
29716,thrownawaylmao666
119427,OmeleggFace
42824,Reisenegger
11401,Queenofawkward_
80088,lemontakingwhore
119130,JettersFires
40664,reddit_cray
80676,organic_fennel
89792,NothingAlex
74416,cudaheyyy
64241,Soggy_Smoke
16827,chimera1432
109487,Pancakes_will2live
135915,LuisOlivero69420
51141,thedarkknightartist
53543,drmrscharlenemonarch
12902,OhBuggery
108846,karma-luna
1684,justaskthebear
104920,luck8kon
129387,RandomOpaMark
131012,APotato333
102573,emtpyghostwandering
49438,RandomFrenchDude34
67492,DatboiiiiDja
36735,skratta123
137922,Cherrygirlme
32201,wherediditgowrong123
40778,buffybot93
3323,chandrasekhar1492
23197,cancerius
12760,surreel
139323,SnooCapers7333
22533,heartshapednote
53490,fucked_up223
77932,armored_dragon
8316,Turtymcturtfayce
43548,samedude131216
52555,IHaveFantasticHair
74790,soulfulmistgod
26107,kshbe
116492,41rp0r7m4n493r
138819,thrxwawayacc36
13802,ChopstickGamer
132367,throwaway20212012
80532,shobsessedanon
93926,sugarplumlips
68939,bbaaqqww38
108990,npb0179
128265,laurammmarin
59351,ddddddrev
47720,Starfish782
44050,Lil-Geeree
5998,The_Corg_Daddy
116894,thechaoscallmylife
68358,dollfacedslut
91061,despised_marshmallow
20273,xLunaAtMidnightx
69103,justamoderndame
34811,thoibarra1
66494,Leonardo1070
85864,username-58589
91518,Bernie-McDickens
110483,insertthrowawaynaam
109349,i_dont_want_tobehere
37411,lordofmyrings
74179,ranitabby
134791,Alyrrad
118275,GrimSwoopSlugSnarl
80437,eggeggs
34380,shrimphouse
33779,NervousWill5
37407,throwawarforreasons
29404,allayway
40954,CrunchyMiIk
50721,2bros5ftNohomo
126789,Cocopuff20
82199,MarsLander10
28062,Razzilenius
89803,JakeWok
98475,Joeottoman
30983,LoudConflict4
139555,Different_Day6615
62283,VoidArcanist
125688,Immediate_Nothing170
137562,Fun-Ad-9640
107715,peachyy123
70729,memorieswriter
28857,D0ntListenToMe
138931,bunnyroads
77459,Hot_buttered_toast
116014,thetasigma2
115089,g3rm4nsn1p3r
14078,fubtdikhn
111763,baali666
71158,polarsaurusfann
62643,coochie_crusader69
93705,Papabeary89
137364,Apprehensive_Ad8054
46929,847362
83673,HowDankisYourMeme
23506,anythingoeses
98191,Onionswirl
28873,_anon134_
74200,MDTDude
116944,httpsbenny
58371,im-happy-to-wake-up
73100,tccayawaworht0
36631,agathor222
115952,SuicidalStupidTeen
4467,t1nted
54506,orangered77
122155,YeeetAcct
10976,justgettingtired_
77026,DahWizEh
65411,Serpent-Queen
24887,PinkyPuffy
118300,SparrowKickems
121921,throwaway16181171819
93098,desumilitia
110234,__--_--___---__-__
83782,RadiantXanther
68913,CybeastEXE
104796,RiversJackson
28176,EloraBael
88704,tylerthecregaytor
106105,hoe_dont_do_it
31551,coffeedripmama
106542,KhieBean
28946,geraldthecury
228,Emilyyy-H
17987,Repectful_wumbo
22418,doctormysteriousname
103201,sayingoodbyethankyou
10363,Vasukki
40700,gamelover44
46230,arsoniistt
91712,mr-the-berry
19049,Lamp_and_moth
71907,InternationalTooth8
26240,necome1
117800,LordNuxinor
16020,mellymel1713
113326,emily_dyers_syringe
79968,delightfullyabsurd
47740,FluidFan
26071,EZ_PEAZY11
12587,orangeponcho3
135956,FabricsOfThought
91781,frenchfriedcock
126023,ThrowAway567849494
42924,Vikkie0289
14850,lostmyusername2ice
41885,arnnym
113285,PeteLock
34690,Brycemaniac
81499,Saman97
19608,rebellyssa
100051,skyrider244
22956,Bravely31
104780,big-toothy-grin
107513,405fwy
130866,miaman03
133393,DisciplineMelodic344
133006,Virtual-Pressure-789
121261,coronadarzelis
95771,Middle-Lawfulness-25
42353,QuilavaLovesGasoline
18721,mxmlln10
14893,ProgressRoute
28536,Hushed-Woodland
108516,TheBronzeSilverfish
40055,OPAROCKHOPPA
78022,tacoguppy21
94872,practicesquadleg
37878,KD35Burneraccount
115772,williedongka
87464,proffrogg
45125,wittynegra
1170,SCHMILIIIII
99071,milkom99
104469,hisok4h
76981,triedtho
97510,alwaysvoidlust
75097,VulpixEevee
96852,altxenas
44479,throwaway12406037274
70792,meanassdrunk
43458,OkayWriterKinda
66541,hopefulhooman
116578,alimademedoit
129629,Big_Amber
60731,seakinghelp456
109285,Jakeaphobic
27914,Savv1998
1994,DifficultShoulder
99505,PrincessJuliet18
56764,youdontevenexisttome
105902,Xeanofied
23472,ReaIEIonMusk
113740,Combination_Lockout
18104,b-unrelenting
118822,throwawaysuctionbomb
26935,filled_with_sl
46245,Brief_Bat
74506,HourOldCoffee
83712,teitsnaerk
135513,Starlight_Liger
103089,Rthepimp
70938,Radon_1114
86596,yousorusso
126446,throwawayfrustrated6
122571,brooklyn82849
35127,opheliajeanne
118421,lumikukkah
11760,bomb482
9309,jensnsn66
61255,soopadook
75985,BeepBoopTheEvilRobot
62721,mybruneraccount218-
30101,Throwmeaway03062018
28136,kpr9
96305,bro_im_scared
132622,inthegroundtoday
26799,queefingbutthole
42573,fabpieceoftrash
82029,Gaboso_Maloso
86984,throwaway11235892
30550,PenguinDNA
93534,idkanymore9080
11995,Soudapoppin
80381,Spitfire1331
48362,hopelessREE
91777,imeanigue
45312,peachyy-princess
9104,heaphonesnbikes
60868,Rutgent
44275,2kh1tty
8314,Solace462
113296,iluvtrees17
91161,Squinkeldink
83612,calm_bulbasaur
23989,switchbladerenegade
36582,DutchTetra
6656,Gotogefust
37745,whykillsirius
94094,throwaway1990897190
49666,clownieo
57343,DolorestheExplorer
117043,patheticell
19715,SpitefulCannibalism
48548,throwaway3858383
49053,bigtrashcan-9-9
51869,stefanfakelastname
103249,ifeelsoalone839
70329,Watchtrees
133708,Miserable-Freedom-82
132547,J0jO-15
136411,No_Two4710
51742,TheSpanishDerp
45059,supersonic-gin-tonic
111883,ChaosSubdread9
109009,Mr3500
21863,NeedsANetHug
51986,timetoyeetoutthere
26380,deadbeatdork
60787,sharp9flat13
123037,MrBojangles514
56444,WrittenEnjoyment
91562,pieRsquares
85803,_cooph_
98471,Different-Water8389
57794,biteyface
11208,fatterfly
124629,Normal_Ad_1617
56754,setholnos
105447,d0mokun
94258,rektyelak
38700,TheRhythmOfMyLife-
115055,Automatic_Elevator_5
65469,takeawaymypain
119813,Yellowburdenxo
60268,trashaccount711742
77442,FLX1012
129165,enjoyurself
133625,luckieight
25215,chase740255640824672
84936,BottledPaper
19254,henrythe7th0
94234,throwmeaway4347
35515,ScrawnyFalls
9799,whatever_o
65901,b_like_water44
71276,ThatMemeGuy69
69046,datTrooper
76978,AdditionalMain3
131545,pieisbestdessert
5993,GTninja
119061,PretentiousReader
89977,ImTrashKidLol
47819,NeverAgain64
13485,throwaway_xox_
95412,unicorncrocs
107885,Meepster01
125517,pilled1217
129620,interloper0910
92328,IMightBeAZombie_
93616,justanotherlad_
47912,Potejddg
95343,letmekermit
86835,CompetitiveVast8
61350,ZakOrpheus
88539,SadPromises6
62040,midkeera
101947,cnacionales
75396,tegar9000
15940,Thathoovyoverthere
56661,13OA13
51757,damnboii23
55181,Throwawayfml100
79352,any_dank_meme
48053,ic7d
63131,Jastar22
38617,Spikken
66188,ktbuggy
76193,thesecondcomingofnut
135026,y_eeitskee
13490,Plumface-sama
91859,lostwithnopath
98235,notatentego
22558,gmonjon
35403,aaronbelesbian
64921,Imgoingtoforgetmy
80987,AHeartMadeOfGlass
127256,seasquirter21
138315,New_Fox3708
130888,Ghoul_Lad
106928,yalgen
40215,yiff_alt_acc
41417,Throwaway9812593601
13894,chadnudes420
33749,TreesRlivinFractals
10382,GuinnessLover12
34712,treeeeeeeeeeeeeeee
89016,burnthiswithfire
108943,LoserZoomer
89651,c00lavocado
136338,Emil8ner
84950,throwawayfffcve33
65510,museliermusic
132057,DancingPotato30
126597,yohoecraynigg11
58841,Twelve_Seventeen
11110,matsoukka
75288,osingersematou
98304,gobsterr
31874,DeathSoundsGoodForMe
105513,Czhe
11085,SneakyDabEmoji
114785,sanddal
127706,69Sk8erDude12
104142,dirtbagdan11
103214,MoralCoitus
35128,Everyones_Fan_Boy
101574,GrimKi11er
33728,NoahMan2
68471,Mammoth-Cut
42272,Brokenheart24
85030,QUIDD60x
99190,ultrasuperman1001
53529,111_User_111
55305,AwesomeFox42
65246,AAAAAARRR12
139480,wowks21
41145,Knifekitter
112993,urmanismyman
17275,LeadeDude
17149,hijustpassing
7038,TrulyExhausted
37844,keystrix
55051,Bitter-root
68167,nogoapples
44208,AlexFire921
100940,Funnypony7033
117029,tylerdagod03
110514,steelOxycotton
113904,ayush1974
118747,yeahthatsme012
86918,PrimaryPie6
76103,FuckItAllThenDie
66622,theriogreen
105206,throwaway62746738218
74384,Aquilixy
28808,throwaway62519
126244,FragrantResearcher30
106975,OMan6009
6691,OsomatsuChan
13734,camcl9
127957,Throwaway_9959595959
115867,vangsterxll
49961,nay_oosh
18754,pink_fern1994
40821,missmisery666
75346,A_Tricky_one
77477,maryam6683
79595,Kingsharkdalian
12486,withtm1
112255,RomanceAM
2810,sad_blueberry353
78144,revvanslegacy
59807,AnotherNatureLover
37810,aliheirloom
110860,lenerdv05
53144,jaakk321
15654,warblayz
70995,avd9271
16067,magentalime
637,HopelessHopeNot
112842,Midnight-Negative
102173,FrenchCanadian1996
102211,jarreledd
21280,whocaredsbsb
67564,GraceTheChild
77496,faithmac1023
57710,sweetbabycoconut
37423,AidenNoAnxiety
60176,TSU_Squiddy
113553,Ash_235
106848,9mm124grFMJ
76241,VastPerplexity
45510,Apart_Car
111980,morganjanx
86460,RuskyRed
120387,gingerrbear
56329,_clairedelune
17622,IVotedUKIP
115969,bhyui234
93941,jellobowl12345
40051,Dingdangdoodle21
131987,hamburgersexyaf
133236,fatdaddycrackbaby
22466,txryndxwn
51350,Spyr0sL3e
91344,throwRAvrooom123123
105554,kinda-living
8174,KaterlnaPetrova
128604,Vedroops
20486,Routine_Garbage
4120,JaCrispy316
13307,UntilKingdomCome
55643,Gingerluke85
5869,poisoneddragon
72047,relationshipacnt
48473,cscq_throwaway_acc
65930,sabbamon
33591,rosescapes
8492,Throwaway919911919
64519,camille2992
36521,wheezerie
61651,hazy_night
106190,slothmallow
134432,HEL3LLSPAWN3
20111,_PoLiet_
107784,NotAn_Alt_Account
116538,jplew92
107523,burnerasdfghjhgfds
84091,nymphetts
117787,thraway2022
32557,Cuminabumforfun
94979,ButterflysLove
131614,apple2bee
4824,throwawayyyyy1345977
97389,SuicidalRemedy
103244,SWthrowaway4816
45243,throw_mylife_away727
94223,Jamie499jamie
81151,jazziepotato
108254,98Crazygern_1791
40415,jonahw84
44134,DeckerHarlow
121366,ineedalobotomy123
103027,hasturred
3885,sk8200
42246,D-cookEr-AvacaDo
23295,brainidontfeelsogood
44689,therapistthrowaway17
118104,throwtoairlock
78341,Wazz305
17510,Throwawaydepress2
75851,diggitydiggitydawg2
89334,SickoSid
48213,KatarinaMolovSOP
30644,--99--
121886,SrDangles
91845,ButtCheeksLikeAHippo
48551,norton8888
9643,throwaway678533899
58074,ShadyShenanigans
127654,SaTrinaDei
43230,choum123
317,DelusionsOfGranduer
84855,JoeyBobBillie
108549,cntrl-alt-deleted
77066,nyx_dot_f90
69533,Deathbysnusnubooboo
127183,Jdefon
70042,nusalovescats_
88330,hyperdrifting
12295,whyme1133
49755,dedplantdedsoil
128445,Idgafblahblah
84655,AssetVulture
99351,stop122334
4875,ihatethis97
101613,EthanStorms
128991,TIFUQuarantine2
11886,SgtLuftwaffel
85597,throwawayacc48900
54270,Wolf-A-Tron
79770,someonerandom0987
118910,riejrjrjdjdjjddndjks
55148,Gilber_Elz
56141,clinically_retarded
35599,cheating-whore
87815,thereisnospoon2002
69295,dumpster_waffle
5208,hambutterzestysauce
19515,Horroible_Crusader
139259,an-individual
76170,jakes6030
40620,Anya4291
98585,libertmeister
1589,p4573swi
121426,rx_revolt
94941,CinnamonandSunrises
17925,CuppaJoe36
15634,cat-lover101
24072,1717771
59264,dddianaa1111
90531,edryndanish
17292,scumbag9
9579,CuirtSwuf
77203,suicidal-joe
70170,apiratewalksintoabar
39943,TyTyCeeCee
25666,Chirose_Chi
132651,SkeliotTheUndead
13947,throwawayaway3455
61519,cool0518
51963,1iola
1471,minniemorgan42
47784,I--Love--Sex
13165,throwawayboi86
51805,BumbleBee010
48506,bigbadgirl007
139331,Worst_creaturealive
10353,LibertyMagnus
33101,throwaway8002738255
34089,Melancholic_Chimes
132842,slimjohnsom
65155,really_spider
133535,HoodiesAreMySuicide
106551,nshayenznfur58
79142,anonnn4545
37385,WestWaltz
23246,-wraith
139136,Inside_Okra_2197
18258,Owlumnis
67383,martian_marauder
35868,_to_kill_myself
63049,DeadPedophile
115356,twisted-brain
56348,ThatDamnBanana21
125084,lunarwinter
91098,xVeid
52119,I_wannahelp
129482,throwawayletterr
82383,ragejin
107092,Anomalocaris
64941,essafer
120802,JetE1819
81336,Lopsided-Permit
66010,exxhaustedoxx
107996,throwawaywidow1111
92210,ELECTROSystem
110205,_jeem_
125323,Carbonero
119249,Just-Office
89464,yyessirrskii
113194,FeelinglikeIwanttodi
118000,sigurdrp
55510,josefmilo95
105016,striderclass
87151,redprivite
86943,Awayfromeden
7797,jackpapaya23
91203,gothangel-_-sinner
24890,Generic_Username_37
1567,sugarsub10
107935,hello-38
64447,Pelegonike
68655,Stet3k
78438,RowanBarrow
113606,master19822222
6861,NoHeart_NoSoul
63853,throwawaytivo
115077,qwerty23456789q
93301,spidermatt911
50665,anklemacaroni
135511,ehxwhy
87940,Ac3man776
73466,sadlittlepoet
118157,confuseddepressed4
65682,chikinimo
116421,DSMreadyfortheend
117972,scfv_2796
132130,babydance1234
96137,the42istheanswer
21918,vaccumofintention
85009,txlario
130782,Life_True
132519,throwaway_2919293
67075,forthenords111
41258,74289942228
112918,roan_563
132497,Responsible-Bike9047
44131,throwmeaway83829293
40564,iamhonestlysolost
88527,Kragwulf
99368,isoworks1
14886,itsbeenalongdaywoyou
131274,Dennis-315
16313,ohdearwhyamihere
78895,Elwen7
77994,helpme130172
60356,canlifebereturned
37431,idkwhattodoo123
136136,Elmodraws18
102971,stillnottakeee
25037,Shannanigans00
34704,Angrycow0923
91706,canigetaliferefund
67743,man09878
89785,Markd___
103466,Yamato110
129158,dyanasauur
2342,ZenocydeArt
38179,username123456789_
5612,moonblood2019
25071,Egg_______________
97526,othmaneYT
856,iiScourge
90135,ThatsJustWhatSheDid
90691,blackhawk-846
74605,ead2000
97131,basmati-rixe
49912,Tono3210
103862,MaximeM-
126419,throwaway58w8w7742
10393,Black_raspberries
4093,IndividualGazelle8
81056,Mdballew
84466,TrueNetNegative
13474,trashyyy007
22655,Suicidal4Lyfe
116008,ThrowRA_28378
86376,thomaspatrick33
85310,maryyjayyne
107420,doppler756
115375,cuddlyshibe
7286,whathappenedtoeleven
8487,shmokenapamcake
25217,GrooveRedman
85389,purplegrapes12
10286,heart_space
9181,Benal_apg
107745,Noahisy
23686,orange_boi2000
126213,sadtrooper123
98994,BullfrogDry
79291,Xander1111111
125090,Pizza112233
60521,loosennman
44027,Jc093
46163,oswin88
67873,Doze__
122399,Pf1979
65114,CMyGameLife
17235,jammydodgersss
123014,Anonym5051
132114,thaliaturtle3208
5572,Spicylemon
63535,DeadThesbian
14840,acoverover
78067,CuteBoy25
28491,bljytrsh
76146,ac112322
27176,cruelxhunter
90495,definitely-humanish
115876,Ok_Molasses378
7396,stolensigns
67562,Soggy-Tampon
118114,wanderingthoughts247
53376,scarryportrait
12662,babydaddybones
57677,OutcastAtLast
7117,OddCompetition1
134507,agorathird
61790,EnRaaGygas
87688,Bigsilverman
51362,Beefybbq
37873,scariah
82204,layla999999
49595,Milo_Baby
14322,whatumakeofit
95336,mrbrbs
35520,Lilbunnyhop60
34584,Wickedred1
92984,justdickcheney_
124263,eiba_0
88542,allegorical_grant
81292,trudre
8730,Hunterchick212
1263,discoalarm
101982,MarleaF
85392,MortainL
80394,ZuzuOwO
70026,cryptic_egg
99196,xox2248
101245,Kay_Con
59857,LeissyKurosaki
32012,clugtheplugger
55163,elembla
31907,Unknownt3948
63705,creepycastles
66546,ExpiredLemons
63175,Libtardcat
25716,Tangerineboii
56052,Nijindia18
137673,OpenSissame
13391,Mr_Gibus
100598,grimesit
21888,sleepybb88
84246,Chantexo
4566,LittleBigBaller
137105,MF_Nautilus
54346,anxioustits
23410,t3hryan
64699,done202091
93771,potatosarado
44975,Zamiel2342
40776,monaareal
23974,Tytuz
1702,oflonelynights
138000,beesunshine33
119490,cracktal
2295,GwenHarris
54579,Inconspicuous5678
120163,kiefgf
80099,oddfun
82132,biberhole_69
109288,amniotichackysack
80035,caitlynmt
58604,KittenInBlinds
72625,Dangernoodle109
75913,notarealfungi
38319,BeginningBlacksmith
100515,purplesilhouette
84846,blakebrownie0
11462,painofliving
81616,Orphanum
60898,itllbeokayintime
114199,917381928_
70788,warmfrog46
13718,help3487
87875,ThrowRA33332
57526,zrex53
119868,Rift3N
37636,girl_who_loves_girls
60326,mrcatiscool
114821,badmmrywitch58
76555,tonightisthenight20
137850,No_Boss48
100932,Giraffe-Rough
58964,lesconqueror
55124,ymedovar
50102,imyoursecretslut
29821,DDFitz_
122742,Please__HelpMe
11576,Snonner
56713,elliotalderson6
101058,aahahhajajqjajashhah
39406,Mistakes_Ahoy13
23356,kamikijo
69922,quallathebrave
77431,Rock_Paper_Trapcard
81792,RustyTrephine
2202,dsquestion90
40611,ThroawayAcc1234
38987,osc1706
49848,throwaway54845763
120460,IKEA-lawnmowers
32372,TinaTheCrosstrek
65944,LittleGIRLStasteGOOD
76507,ScreaminNo
31370,PhysicallyM
32122,MaybeItsTheDEVil
100864,kittysumora
104343,ShatteredStarlight45
99453,sleepydemi
71236,Pqsx
129695,Bortswe
62151,supremevank
66562,Lenx_Venn
58673,Eranisa
43903,poster_and_reader
132983,3103113162
76139,ohcheol
109038,Ali99-
109947,ConstantEnergy2
38165,lunarisjuice
79600,fishrage89
127304,magicaltoaster98
19406,Matty11180
5002,BlackSabbathFanatic1
78951,9753-8642
102768,thesmellofusbports
57295,biggithicc69
49250,WillyWickleberry
98041,OceanBlueTiles
48094,Kicks_5555
25466,AlasoarusRex
46955,OneFanFare
121629,CalmRich123
114398,Wosohallow
41347,help925
13942,T_roy04
135260,Accomplished-Bath-59
106197,sparxthelost
4241,Kentuckyfriedcooch
26684,MazdaMiataFan
34465,NoInside5
107491,littleredpartydress_
34879,2045864
37716,1_6_1
73274,throwaway62726265iwi
47598,nah-chief
13067,drew198442
58763,FYC4
124616,Intelligent-Tea4012
74201,Florida_mans
42470,mastermune22
125309,whateverwhocares111
76312,Enlightened-Soul
120267,Fishcat98
109345,abeardedone40
95790,Itsamegember
136563,nebulae_voyager
11690,starruby-xx
131311,Extension-Ice-7219
59907,RegularlyAlive
77240,pumpkincuts
26577,traumitizingbelt
106949,kinetic87
20882,throwitawaypals
87990,throwaway034854
133850,socialmediaisdanger
83750,CompetitiveRecipe1
23667,Ama_Gogo
51727,confidentialanonalta
117770,MooreJays
76100,drmacarthur
112532,writeoffthebat
29061,catlord554
18185,tdawson789
93948,Daniel_128
36117,markusdamon5
131283,thrwwydjdjfjngngn
39544,PosterOfStinkyShits
132056,GreenNectar
91992,throwawayyy2234558
80426,ThePanchamBros
47836,3Thorn3
39990,elllibellli
106338,KwitZY
76503,bbnothrow
114257,yahearddat
49542,kohays
26538,Spring1979
72031,MKoffe
121926,DrTur98
90633,My-Universe
3913,DumbestPersonAlive01
126570,helloquirky
38513,facing_the_sun
111407,letomotuchi
24543,purrgatory920
33367,furnacenine
4529,allupinmyforeman
135898,holoart
26937,sentryscience
81210,purewasteofgarbage
105151,BrendoBdawg
70499,ArtisticBlock1
37100,societysjoke
128511,ronak137
94070,Therealpotatochan
114137,autumn_overthinks
35774,jfkma1
114186,adsysaward
3959,VoidNomad
26631,twitchyskip
61522,hotbadasschef
7095,phoebemacex
118082,71hondascrambler
124938,Wild-Disaster-7581
31288,Digitalkit
106119,graykitty89
30149,zooeeeeeeeeeeeeeeeee
30563,the_Lonley_Bananna
129627,asher_is_dying
71830,goddamnitreally
138687,tepharo
117728,lpchicago
30356,snxjenxnnr
31677,4u2kill
118826,lilDelaware21
19897,kirakirabitch
7229,SocialDistortionYup
110094,M0SSpunk
107819,ishotfreddiemercury
6418,breeeeweeeeweeeee
54321,mmm192837n
96714,Tasty_Hasty
117980,The_PokemonRedditor
72468,Kittymeowl
38121,keeellym
45316,neBongs
61618,stricker101
118040,GoogleBabies
114871,DefinitlyNotTheFBl
54859,ViennaBanana
1744,meater3
38860,Majestik_Moose42
65898,zakari73
69797,Firm-Care
111879,ChaosSubdread5
87847,EccentricPython
98271,throwawaypls8907
116047,black-caat
65784,ConfidentlyShy17
7234,LemonLimeCrazy11
21781,frousfx
105127,throwawaybdog
51022,Da_real_Poopeepie
131085,dst54b643
40709,Phenomedog
105993,canniblqueen
101297,xcamerongamble
111106,soldeagua
83778,justtrying__
20676,xfroL
136432,yoomilky
124754,jackymao11
58532,gotmilf28
134798,rishiimulchandani
85313,Yeahnahcorey123
81876,Throwaway2892921
93077,jhh2rj
110193,JamieJumpyHair
136839,PandaMandaMay
9262,Styles_m4
88907,kingkos64
124586,slap_me_thrice
98232,hiiiythiityfgiui
27882,JustinCrin
60003,miserablethrowaway13
77326,1337Z
49397,helpneededddddd
6362,Lolmaster559
98420,Dangerous-Door-5887
116814,Taco_thefish1987
103914,A_Simple_Typhlosion
61600,miuracoupe
47839,okthrowraway31
26112,Throwaway0610121314
54369,party--bot
2091,Loreleyloraflor
134619,SoStrawberrys
60865,Fun-Operation
81525,england1983
27063,MacabreChaos
33295,richardpass
32465,n0011229
45541,Haider8111
120635,Beans_qpqo
20217,JacobLovelyRose
81007,kennyisgood
97555,Purpose_Historical
13638,aGIFTedTroll
36435,BruceWillis4
56194,IRedditSolo
85470,fittokki
70918,grungefrog
74055,Stannis_
108670,intermezzzzo
123910,miseryson
139587,sapphic_jane
105721,throwawaysad26
115252,sleepyskoda
54904,davidjp4
38156,Deapondent
2495,xrystalnack
42290,goldy_locks
75995,alkandjdjsj
54714,rueshoodie
87666,throwaway1375229
18975,Cokeio
135300,Xeliter
24414,StormWalker1993
134034,jojisspoon
64706,Rhaexeri
38829,ChloeBluue
69754,AlleyTF
94884,dumbhoe666
30131,bokkenbap
8905,getintheswan
65910,smercry
117804,UninvitedGhost
35440,DarkMoon_01
80237,walkere94
58179,rundadomme
27053,fizzie511
57474,throwaway948463830
57789,chechcs
114051,grubalolaaaa
67694,xeverxsleepx
22940,WeAreChemicalToilet
129843,Imissyouf
76302,pug9449
6877,deeeeeanne
96861,peachrants
110111,External_Syllabub_15
114026,cartoonrobot42
118141,substancerap
44016,Not_Luna
63602,luna1-618
36490,emmababin
64443,thundergun661
12052,setsail2
85549,serpent324
126377,Juice_Freak
2528,periwinkle299
122698,peenuts_
117630,Wallaby-Weekly
63196,Mobile-Poet
59778,the-end02
88036,DextroGecko
127387,throwawaysaaaad
93697,tacobellisnasty
28028,_TopCheese_
37785,Blue9826
7391,dyingiinthenight
91727,Throwaway622772826
136676,camcamcamiee
22007,MURICANCITIZEN
45328,WackyEyes
88657,mourn3r
110515,cheekwrinkle
79521,throwawaygajalaka
133785,1911Handgun
109692,Anon2971
127250,PendejoColombia
122209,Thin-Tennis-365
77390,Bush_Baby_69_PL
78645,AnenomieDragons
34285,F1veFingerDeathPunch
3956,Liftbestestvayneworl
132630,mhhammoudaTreeUP
123371,threeparties
119238,thr0witalloutplease
59233,TB-KDX125
60398,angiessideaccount
40076,help2245
77177,TheGreatMu
63206,throweway127
89167,JohnEatsPeople
69631,marvellouserror
57634,zchees
60931,Fire-Hunter1965
73759,Desperate_Hyena
120668,jennyzz12
56886,Sexy_crusader_
119026,Lex2091
17798,AkwardJellyfish
78447,ExcitingBaseball
123052,throwawawxyz
25437,cactus_legs
13369,AeroNauseous
127270,Skrayern_
102393,why_so-serial
69844,Tubasi
36680,gabrielcharles1301
16874,stuckdoam
82462,baeknwhite
39082,AbradolfLincler08
49104,mvp0909
56687,Zarasnea
93668,hrhehe8383
33934,Suparnovar
5694,a-special-alt
99969,Do_unto_udders
69502,Stravata
72517,idontwantotlive
23103,FoxBurnAc
43282,the_flying_stone
114331,specialdeath
16528,threnodjin
40785,Trevors_Big_Pussi
135556,l1ghthousecreep
0,Haruharupon
131157,Worserpower
78049,Skylurs_cosplay
104695,nootnoot-bitch
104618,hiskotop
70396,amitriptalyne
136804,ratofthedumpster
10891,Lifeisacrueljoke7
87783,chroney_
13619,JackTickle
80485,AndriaZaragoza
42576,hps4891
8339,ehlee0133
43630,NefariousFlame
76238,NoticeMeSir
130039,Intelligent_Shift868
28268,strphcurryshot
67523,-abditory-
63547,Balsor
49682,ThatGuy-19
54200,GonJumpOffACliff
5463,drugsnpugs420
21943,myuncletouchesmypp
103202,cutenipples
60875,flowertowne
99066,secretaccount995
65743,Catzblade
123826,effylairr3825
72381,ThrowawayMySleep
118063,sadshit_
132990,MidnightShamanman
17965,Nurses_Rock
99795,RougeJoker
77919,cheddarbiscuit143
1163,Goro_Asketchy
110820,mapbeastR
88089,blnewtss
107888,yikes3636
81128,BrilliantLeg2
31153,throwaway19282939494
11435,Jafooki
59906,_its_anon
109436,Princess__of__cute
31723,GunnerLP
11315,Coal-Dirt-Scars
139340,tuasday
69752,idontknowhowtoexist
40096,sunny-in-texas
1368,crisis-throwaway
117755,22thetho
55486,effthissimout
128760,trashbrainact
1739,MGs551
42013,aditlep6
126443,oracleblue
109642,mermaid324
69790,ImAmBaby
96214,_lifeonstandby
21684,styrofoamandshit
22451,throwawaywantinghelp
106323,veedfreak
78870,BlackFenrir
35281,2728284893929
106639,RoReRo123
52522,coolcarpetwannabe
2458,DrunkShroom
6237,ForEmma_AnHourAgo
74178,idont-likeme
122171,not-it2
13881,coolmistmama
54342,yesiminsecure
30344,imalreadyfuckingdead
56330,eriolindur
9781,marsacat27
61014,savvy0895
4388,avalonk
20338,0InUmbra0
26315,AdministrativeElk
75241,imcryingandwannadie
68695,generativeart
45901,Solus_png
69795,SemS125
48748,Cianalas
42442,dbrine757
114267,goatxoxoxo
37189,Sucksinnc
2576,isawthesigns08
80303,Lord_dicc_wadd
125712,buryafriendinjd21
129816,20011876
14845,BreakUp2019______
3512,AllogamousBale
19756,RBNaccount201
13707,Giraffeless
58939,thotslayer3000001
132952,puleun
6333,notreallyme787
45160,qwrfjapt
9280,flyingcucu
123816,lonely-Miracle
58450,TheEpicRock3099
52247,SomeNewGuy29
71814,wtf_is_this_5hit
101301,Kiwis_adventures
12235,doneat52
100410,ThrowAwaySpiked
123299,1dk1dk
35388,emilyluciid
70631,depressedtvco
117414,ExRedGuard
40550,throwaway98576523214
10296,Marry_a_carrot
36284,throwdepressed777
85975,Makeout--Hill
117198,twodorrahsucc
42987,Blondiegirl25
68697,Real_Beginning
44633,TCE95
99557,SwiftPickleLicker
134070,Comfortable_Fig_9256
125761,thotcrimess
32796,Ginge_31
125572,Towa_
24136,yellowsub59
90982,EmmaGentleCake
75456,alop7367
125281,Bruten4
94019,parrotpickle
33464,ihateseizures2019
113793,Festival_Picnic
98997,Rare_Cobalt
29656,TheBaconofGrief
13720,Ciaran311Mental
98338,imyurrdadd
117824,changing_now_001
71429,HenryFacilitate10101
131267,liltbrush
113065,beany_wonder
80206,AD-LH
43431,facebooze
103925,uboredyet
72788,LucyG1997
57465,BombiniCan
19787,coffeesta1ns
61646,drubkdaily
104037,ThrubAwayz
80036,KableKyle
49566,amalms
93365,majesticalbird
60557,MephistoTheHater
50674,21STCENTURYbabe33
41322,Twming
80389,UserWhoIDK
72014,omar_al_najjar
111434,thrwaway3344554
115733,FunnyBecauseJoke
60252,stingraybjj
96409,370zakk
42623,rainloading
93747,ErenYagami
11035,29throwawayacc
130030,AdonKilledYou
13590,1010203011111
11114,Everythingisntokayy
93744,tsoynami
11140,snakessssssssss
81486,katemf
122102,itsjessicalove
121603,araznl
62965,JustTossItMan
119246,thrown4away4
124110,lostinlove9944
84163,Old_Opheras
15963,Littlesuicidenerd
13607,willtheyeverlisten
30222,jessemanson
79975,reddit-tard
83548,Sims2lover
99816,beani3babyfrog
100972,Adam_tant
127818,West_Air4920
23631,Pink_Thief
7208,Bowserette
70662,starzie7
104984,Purrrista
994,savannahandliam
1235,kuma1112
22899,throw_a_whey79
114556,throwaway114266611
93860,lsuboy1237
104856,LynxSquid
63383,juicyboobsalad
12331,DaSwayza
112759,Stunning_Tip_6247
136919,tofuissoft
83192,WillowRose-Tsumiki
37757,BardensHeard
77632,cigaretteashes
28414,GarboxBarbo
94024,Sundaystroller2
21904,BrunetteThrasher
2206,Guilty_Elephant
76941,ThisAppIs_
21263,Actiasquietus
101808,Yomomo9
72683,ChrisHansensChatLog
109149,Previous_Potential91
25285,mikejr222
43563,SerBlazealot
67673,boofaloo51
112778,swishaway
108492,iayylmao
137672,TfuckinS
40007,PeterRoeder
132038,Bottle_Nachos
68721,mooyuip
49309,littlebeardontcare
709,AltWithGoodUsername
24119,hashshinobi
49255,321zer0_o
81638,Sarahissad14
50768,someone_save_me
31338,throwaway127322
84029,panjuko
32494,veemonster
31127,Sub-Scion
31589,DesertxEagle32
71326,beeskneemexa
66055,jusratempt
54235,Slyferexecutive
48836,AloneLuck
10316,GOODLOOKINGTODD
135595,anaeee
94169,WoolfsBellJar
73984,jadelawon
33484,shinigamisid
137215,moursam
59856,20XXismyfavoriteyear
76471,KoreanJesus84
16638,BrettBusiness
119188,Yellow_Rainbow25
71776,JDevine98
85966,Greywolf5728
120155,valedicted
78351,IStoleABicycle
128824,stopthatgoatplease
46634,krisabstract19
115531,gooserodeo
55290,abcdef5960
57753,User3269
109104,Blakbeerd
5846,LiftedNevermore
63645,FlappyFish_0768
76931,yeetyotethrowaway19
83316,OnlyKell
71714,ImpossiblePush0
71837,immamarsbar
30187,coffers66
30926,empty_words0
119112,dogdemon4ever
78065,benvivas
31766,Rmoon391
121295,turner888
6763,HolliDaze7297
75556,MisterSaxoBeats
135158,commando_plasmo
73957,HiItsFred
8707,crazytiddies
125381,cqts
75061,Tall-Chapter
106648,ryuukagi
85684,JakeLawe
7902,prm1834
6521,ShawtyWitch
40095,Hikure
38144,Rbdge
10519,JJlad17
83175,john777711234324
40382,deuteranomalyy
58897,Sweatygun
99509,ihopeillrestwell
88309,idontrlywantobeknown
38351,alienclappinkyle1
77821,TillyMcFilly
67082,Maurizi11
124596,Ohidontknkow
67303,throwawayfjdfufrj
93979,xotwodg
125015,Feeling-Constant8309
75637,Uuforia
87348,_CinderKitten_
108017,ClassicThought1
23649,jdmgf5
30277,a-dead-man-walking
138944,Snowy_Echo
139411,IHAWTD22
1372,hector_brocklebank
29606,Wheelchair-Cat
107856,BigCaecilius
128613,Throwaway8961198
133853,ThalliasToes
129885,voidednoid
138247,Imaginary_Garlic_386
14119,-IMadeAMistake-
33274,Ketchup-and-Mustard
124071,Sc00tn0ot
11628,ttaurusscorpioo
75159,pastelidiot
20770,KENDRICKwasAFAGGOT
137489,Throwaway820394
1726,butternutter420
44713,TheDuckDealer14
128898,Retrogratio
110077,Kei_77
51484,emily050102
3907,Navikats
44826,smommticr
78761,etinarcadiaego2
92326,Blackfire_not_a_Weeb
105325,usemethrowmeawaylike
53417,CubanBlack
125684,nimlip
2048,Wooblefish89
19435,Betelgeuse_64
97271,UnfazedDubu
24467,Hcavok
89041,DabMyThc12
60520,dia-ry
127698,zzzzzzzzzz-
49441,zesha
20426,tunica1999
78991,NotAshsThrowaway
134047,slicesuicide
3491,besseo8
90204,throwaway2000_89
26297,Flasterholf
70539,paulinavlive
137568,yeehaw7711
138709,cookin_
107724,ThrowRA6620
133452,htarpirs
11846,endme12345
23054,chazinggir
84023,primumnonnocere99
54045,throwmyselfouttheroo
109077,spadez_q_
77003,Scrump_y
31643,albertAwaythrow
50601,TalibanSan
76530,Many_Being
56475,itstaajaae
45427,colourfulsoul369
15018,horbidorbi
64307,killcyclops
9263,FoxxyMika
25264,lsappqueries
81657,SadBoiHours62
61873,SST_Laboratories
32676,shampooreborn
111366,DazzerMeister
97593,robtovey1
116146,horizonzeroprawn
104149,suicidal-dreams
102927,kinkkuaivo
101372,Anonymous5366272
56986,tthrowiitawayy
89650,vincitopusme
93208,i_dont_know_2000
136060,Jfjdehdbcufdvd
92589,lostcase71
79231,sadpuppyfox
83603,Harambe_Is_Relevant
66580,thedragonof
25051,shitfistingpotato
13609,Hotcrossbuns42
83587,ellieterrestrial
50940,babieangel
91057,YouGoatToBeKittenMe
91372,ivorytoasttt4888
118228,junkerarse
16560,thotiana101
110375,Darude909
41589,jacuckeda
65503,pot-pied-piper
30962,toss_out_account_
133047,Aesthetic-Bitch
114756,throwaway374984234
42055,CSketch01
105167,Previous_Nectarine_9
54358,jpc273
97716,SadBrickCurtain
94978,SugarTitBitch
87519,Moonzeagg
10189,Wonkerdurp
127683,ManySweaty
17103,Gayische
62460,tinonymous98
114784,Wonderful-Nail-9265
21537,SunkissedTay
79144,STDfreeIswear
78422,iwba12
77876,throwawayy3300
103694,dicotmod
80158,Dirtz_
21995,adiosmanana
43117,cursedhightops
96271,hotavocadoo
64157,EverybodyGetsCheese
84922,-MamiChelle-
55850,Perciveyl
63738,jFrancis9222
22021,theaziz2001
75355,franmonty4
13816,TheMoralPotato
23796,PM_Meurthrowaways
68136,thegirlontheledge
120629,IMadeItToRedditNice
58468,BackAgain_Hi
112629,bangbangbanglol
54441,Vincent_Z_Lynch
76309,Anna_8598
134316,tree-turtel
69539,goodriddancet56ff5
94883,CyberHacked
3180,mypersonalbsaccount
12041,yueshenn
28420,AxlRoseJunior
95923,cherry-cl
37490,VermillionSunset
41066,okayokayokay456
10205,shhhhhimtalking
35182,NidoScherder
21437,uglybaldreject
114949,nicknload
64069,zenntanio
100517,BoyMeetsWorldx
9713,erielimei
139245,QuiteAThrowaway142
24977,zoinkus
26329,Nombie18
70780,Dragonborn2627
104761,hire_a_samurai
7560,RoastedOrangeJuice
108331,5hadowking115
121968,NoticeLamp
107311,notellendegeneres
38621,Tiredofthepain3939
133517,su-ho
105817,Adventurous_Basket10
89698,mother_coconuts420
51028,ImOnHeroin
82626,anarchodaydream
28770,kenny_bobby
125124,Kevin_the_chicken
106355,Koko230801
127967,Gummy138
105547,BattleCatBro13
84611,Living_Psychology
96177,roses-are-lead
112858,kidcat123
57893,shitisuck
107606,Glowing_Ashes
139106,Sgtpepper123654
55834,alynde
4186,ganbattedeku
33080,fartboyy
4430,helpmeimdone
122709,zootamauksime
64567,Thedejectedones
123574,flower_of_posion
42949,AggressiveCommon3
26655,FreshCantaloupe
14568,reoccuring90
72805,TheOwlStrikes
27282,throaway17489372529
42651,bullsnail
103757,824915
101826,mrdizzy5
137545,amfing
121220,Nibo331
42125,somefingorova
37625,Hellothere200
41587,FrenchBishop
2869,mylifeissuffer
111112,throwaway177263662
15285,RingosTheName
131612,Mxyszs
94994,iminpain24_7
127573,throwaway56854865
71810,susynoid131
122002,MacDKB
7946,throwaway723481
124125,Zink_H01
112415,Dutch-Van-Der-Faith
63706,CatchMeInWonderland
52348,Justathrowaway9875
94610,bluehousepinkhouse
40909,syntheticgf
127568,Accomplished_Wolf392
117097,HelpCedarRapids
61751,everyonetoblame
52946,Racoon_from_the_moon
27537,filthycutesysum
69667,CosmicStardust09
78591,seasonedbagel
56317,infinityburrito
87271,pasteldefuba
55582,azumatsu
119670,Sazuka100
138441,Smooth-Owl2169
85398,Cultural-Soul
28067,throwaway42069413
121096,lsalander828
36207,solongandgoodbye
121148,KaiGimme
48531,GornoP
69316,f_mr_f
5852,nevermind900
98927,SleepIsForTheWeak456
35451,DissociatedPsyche
44201,Dyslexic_Wvyern
11620,SearedPotato
106458,lifeiswhateverig
63280,Throwaway10101929283
24929,Anerdyartistguy
24341,SailingSeattle05
44915,Lalilelo
15920,Pm_me_for_help77
137346,ESCROSEurd
50168,hatedabamboo
49482,Spacecowboy421
125275,Flexiflexflex
28289,SHINNER1995
130534,Eroy_52
126298,akisaokay47
130861,b-babyyou
6538,fairyloss
68709,dojafan99
13601,kevingarvey1014
13973,coyotemean
131204,Xuryth
2229,gatonato
123088,DJ_Theoneupper
63201,Anndress07
25009,thitemperly
138871,itdoesntevenmatteri
4355,CozyMicrobe
107696,aatwitsend
111707,FuckModArmy3
48900,explodingdoors
36441,ilovedogstoomuch3627
105925,faircovenwitch
76239,shark_claws
60848,LegendaryDuctTape
34188,Terranov9
42868,throwoffabuilding
60171,jackghareeb
61853,doxmeharder
5211,parrythebeardie
122418,Monkeebugg666
69263,amelia-the-pond
129842,cyclingbroccolii
124198,Outrageous_Reward136
3443,j_smith987
51681,pleasehelp168
95323,kys1029
37523,gethigh-wur-pup
126508,Pessimist_Snoo
45531,bIIgeyes96
85980,eujakin
42208,COMM_WWS
96427,Orangewitch32
100948,YourMomSaidWhatUSaid
97820,Toxictomatoz
66631,tribeproducers
125373,metgallll3000
111447,nyxture
328,ouchmykneez
7193,AnnaTheAcolyte
80292,mech252
106481,iluvitwet
47027,Tobisbrother
134022,ohmyvv
95016,blood_of_solitude
2226,ryandylanB
38169,void2791
114825,cultful
110881,ThaLyo
38570,poopdrawer69420
67158,INeedHopeNow
8876,rainforestriver
55983,AMOS95115541
44457,gamingjking
18323,barniwantstodie
2584,LifeAddiction
53279,Masdb85
91631,sufjan_adriel
79617,Witty-Waltz
81594,poubellehumaine
82428,Paulthehunter
18523,confusedbigirllll
39499,Kaiya_Rose
84754,ImOut2020
105204,MayoSlug
93624,glowingass
104613,alexkg_
124211,ijustliketorun
94096,Affectionate-Tomato7
63434,Thoeujfppl
134249,juiceeorange
46596,throwaway-abcdefghi7
79418,lightpinkdrink
114017,snowdenandputin
107289,DobyDobes
69835,Glum-Region
138620,throwaway37482812
28302,GuiltyOrphan
57653,QuicktimeSam
105383,Corkrum7
46703,DashinDasherFoo
42365,grossenten98
119434,Dogman6668
122024,Bozwir
67926,King0fBanana
10255,SaintCannabis
107980,reteryisk
54782,karlosmt
26224,NocturnalDarkThememe
39270,DepressedPickle6
25185,Velldog
19400,Handakunda
7280,a_serious_woman
128871,diesegum
11954,Carter_peepetouchr
81971,kitkat_hehee
126729,Backarok
18160,Peyday76
47367,venlafaxinee
111066,Soft_Mountain
16328,jahfiwhfhbwbd
137121,IndifferentLemon
116725,imisshim__
13431,2ndlongestusername
135996,iwannaglowup
14618,colt-m16
134626,Intelligent_Hawk2600
77113,Gaydinosaurs
103338,ultrablueswirl
98801,Sboehm4
66683,CSASupporter101
74843,ZEDRUCK
122499,msnatter17
124469,S_Fort7
94875,ItoZilla2000
104508,Platos_tardigrade
